data,semanaEpi,estado,casosAcumulados,obitosAcumulados,recuperados,pop,casosAbertos,casosNovos,obitosNovos
2020-02-26,9,SP,1,0,NA,45919049,NA,1,0
2020-02-27,9,SP,1,0,NA,45919049,NA,0,0
2020-02-28,9,SP,1,0,NA,45919049,NA,0,0
2020-02-29,9,SP,2,0,NA,45919049,NA,1,0
2020-03-01,10,SP,2,0,NA,45919049,NA,0,0
2020-03-02,10,SP,2,0,NA,45919049,NA,0,0
2020-03-03,10,SP,2,0,NA,45919049,NA,0,0
2020-03-04,10,SP,3,0,NA,45919049,NA,1,0
2020-03-05,10,RJ,1,0,NA,17264943,NA,1,0
2020-03-05,10,SP,6,0,NA,45919049,NA,3,0
2020-03-06,10,BA,1,0,NA,14873064,NA,1,0
2020-03-06,10,ES,1,0,NA,4018650,NA,1,0
2020-03-06,10,RJ,1,0,NA,17264943,NA,0,0
2020-03-06,10,SP,10,0,NA,45919049,NA,4,0
2020-03-07,10,DF,1,0,NA,3015268,NA,1,0
2020-03-07,10,BA,2,0,NA,14873064,NA,1,0
2020-03-07,10,ES,1,0,NA,4018650,NA,0,0
2020-03-07,10,RJ,2,0,NA,17264943,NA,1,0
2020-03-07,10,SP,13,0,NA,45919049,NA,3,0
2020-03-08,11,DF,1,0,NA,3015268,NA,0,0
2020-03-08,11,AL,1,0,NA,3337357,NA,1,0
2020-03-08,11,BA,2,0,NA,14873064,NA,0,0
2020-03-08,11,MG,1,0,NA,21168791,NA,1,0
2020-03-08,11,ES,1,0,NA,4018650,NA,0,0
2020-03-08,11,RJ,3,0,NA,17264943,NA,1,0
2020-03-08,11,SP,16,0,NA,45919049,NA,3,0
2020-03-09,11,DF,1,0,NA,3015268,NA,0,0
2020-03-09,11,AL,1,0,NA,3337357,NA,0,0
2020-03-09,11,BA,2,0,NA,14873064,NA,0,0
2020-03-09,11,MG,1,0,NA,21168791,NA,0,0
2020-03-09,11,ES,1,0,NA,4018650,NA,0,0
2020-03-09,11,RJ,3,0,NA,17264943,NA,0,0
2020-03-09,11,SP,16,0,NA,45919049,NA,0,0
2020-03-10,11,DF,1,0,NA,3015268,NA,0,0
2020-03-10,11,AL,1,0,NA,3337357,NA,0,0
2020-03-10,11,BA,2,0,NA,14873064,NA,0,0
2020-03-10,11,MG,1,0,NA,21168791,NA,0,0
2020-03-10,11,ES,1,0,NA,4018650,NA,0,0
2020-03-10,11,RJ,8,0,NA,17264943,NA,5,0
2020-03-10,11,SP,19,0,NA,45919049,NA,3,0
2020-03-10,11,RS,1,0,NA,11377239,NA,1,0
2020-03-11,11,DF,2,0,NA,3015268,NA,1,0
2020-03-11,11,AL,1,0,NA,3337357,NA,0,0
2020-03-11,11,BA,2,0,NA,14873064,NA,0,0
2020-03-11,11,MG,1,0,NA,21168791,NA,0,0
2020-03-11,11,ES,1,0,NA,4018650,NA,0,0
2020-03-11,11,RJ,13,0,NA,17264943,NA,5,0
2020-03-11,11,SP,30,0,NA,45919049,NA,11,0
2020-03-11,11,RS,2,0,NA,11377239,NA,1,0
2020-03-12,11,DF,2,0,NA,3015268,NA,0,0
2020-03-12,11,PE,2,0,NA,9557071,NA,2,0
2020-03-12,11,AL,1,0,NA,3337357,NA,0,0
2020-03-12,11,BA,2,0,NA,14873064,NA,0,0
2020-03-12,11,MG,1,0,NA,21168791,NA,0,0
2020-03-12,11,ES,1,0,NA,4018650,NA,0,0
2020-03-12,11,RJ,16,0,NA,17264943,NA,3,0
2020-03-12,11,SP,42,0,NA,45919049,NA,12,0
2020-03-12,11,PR,6,0,NA,11433957,NA,6,0
2020-03-12,11,RS,4,0,NA,11377239,NA,2,0
2020-03-13,11,GO,3,0,NA,7018354,NA,3,0
2020-03-13,11,DF,2,0,NA,3015268,NA,0,0
2020-03-13,11,RN,1,0,NA,3506853,NA,1,0
2020-03-13,11,PE,2,0,NA,9557071,NA,0,0
2020-03-13,11,AL,1,0,NA,3337357,NA,0,0
2020-03-13,11,BA,2,0,NA,14873064,NA,0,0
2020-03-13,11,MG,2,0,NA,21168791,NA,1,0
2020-03-13,11,ES,1,0,NA,4018650,NA,0,0
2020-03-13,11,RJ,16,0,NA,17264943,NA,0,0
2020-03-13,11,SP,56,0,NA,45919049,NA,14,0
2020-03-13,11,PR,6,0,NA,11433957,NA,0,0
2020-03-13,11,SC,2,0,NA,7164788,NA,2,0
2020-03-13,11,RS,4,0,NA,11377239,NA,0,0
2020-03-14,11,GO,3,0,NA,7018354,NA,0,0
2020-03-14,11,DF,6,0,NA,3015268,NA,4,0
2020-03-14,11,RN,1,0,NA,3506853,NA,0,0
2020-03-14,11,PE,2,0,NA,9557071,NA,0,0
2020-03-14,11,AL,1,0,NA,3337357,NA,0,0
2020-03-14,11,BA,2,0,NA,14873064,NA,0,0
2020-03-14,11,MG,2,0,NA,21168791,NA,0,0
2020-03-14,11,ES,1,0,NA,4018650,NA,0,0
2020-03-14,11,RJ,22,0,NA,17264943,NA,6,0
2020-03-14,11,SP,65,0,NA,45919049,NA,9,0
2020-03-14,11,PR,6,0,NA,11433957,NA,0,0
2020-03-14,11,SC,4,0,NA,7164788,NA,2,0
2020-03-14,11,RS,6,0,NA,11377239,NA,2,0
2020-03-15,12,GO,3,0,NA,7018354,NA,0,0
2020-03-15,12,DF,8,0,NA,3015268,NA,2,0
2020-03-15,12,RN,1,0,NA,3506853,NA,0,0
2020-03-15,12,PE,2,0,NA,9557071,NA,0,0
2020-03-15,12,AL,1,0,NA,3337357,NA,0,0
2020-03-15,12,SE,1,0,NA,2298696,NA,1,0
2020-03-15,12,BA,2,0,NA,14873064,NA,0,0
2020-03-15,12,AM,1,0,NA,4144597,NA,1,0
2020-03-15,12,MG,2,0,NA,21168791,NA,0,0
2020-03-15,12,ES,1,0,NA,4018650,NA,0,0
2020-03-15,12,RJ,24,0,NA,17264943,NA,2,0
2020-03-15,12,SP,136,0,NA,45919049,NA,71,0
2020-03-15,12,PR,6,0,NA,11433957,NA,0,0
2020-03-15,12,SC,6,0,NA,7164788,NA,2,0
2020-03-15,12,RS,6,0,NA,11377239,NA,0,0
2020-03-16,12,MS,2,0,NA,2778986,NA,2,0
2020-03-16,12,GO,3,0,NA,7018354,NA,0,0
2020-03-16,12,DF,13,0,NA,3015268,NA,5,0
2020-03-16,12,RN,1,0,NA,3506853,NA,0,0
2020-03-16,12,PE,2,0,NA,9557071,NA,0,0
2020-03-16,12,AL,1,0,NA,3337357,NA,0,0
2020-03-16,12,SE,1,0,NA,2298696,NA,0,0
2020-03-16,12,BA,2,0,NA,14873064,NA,0,0
2020-03-16,12,AM,1,0,NA,4144597,NA,0,0
2020-03-16,12,MG,5,0,NA,21168791,NA,3,0
2020-03-16,12,ES,1,0,NA,4018650,NA,0,0
2020-03-16,12,RJ,31,0,NA,17264943,NA,7,0
2020-03-16,12,SP,152,0,NA,45919049,NA,16,0
2020-03-16,12,PR,6,0,NA,11433957,NA,0,0
2020-03-16,12,SC,7,0,NA,7164788,NA,1,0
2020-03-16,12,RS,6,0,NA,11377239,NA,0,0
2020-03-17,12,MS,4,0,NA,2778986,NA,2,0
2020-03-17,12,GO,6,0,NA,7018354,NA,3,0
2020-03-17,12,DF,22,0,NA,3015268,NA,9,0
2020-03-17,12,CE,5,0,NA,9132078,NA,5,0
2020-03-17,12,RN,1,0,NA,3506853,NA,0,0
2020-03-17,12,PE,16,0,NA,9557071,NA,14,0
2020-03-17,12,AL,1,0,NA,3337357,NA,0,0
2020-03-17,12,SE,4,0,NA,2298696,NA,3,0
2020-03-17,12,BA,3,0,NA,14873064,NA,1,0
2020-03-17,12,AM,1,0,NA,4144597,NA,0,0
2020-03-17,12,MG,7,0,NA,21168791,NA,2,0
2020-03-17,12,ES,1,0,NA,4018650,NA,0,0
2020-03-17,12,RJ,33,0,NA,17264943,NA,2,0
2020-03-17,12,SP,164,1,NA,45919049,NA,12,1
2020-03-17,12,PR,6,0,NA,11433957,NA,0,0
2020-03-17,12,SC,7,0,NA,7164788,NA,0,0
2020-03-17,12,RS,10,0,NA,11377239,NA,4,0
2020-03-18,12,MS,7,0,NA,2778986,NA,3,0
2020-03-18,12,GO,8,0,NA,7018354,NA,2,0
2020-03-18,12,DF,26,0,NA,3015268,NA,4,0
2020-03-18,12,CE,9,0,NA,9132078,NA,4,0
2020-03-18,12,RN,1,0,NA,3506853,NA,0,0
2020-03-18,12,PE,16,0,NA,9557071,NA,0,0
2020-03-18,12,AL,1,0,NA,3337357,NA,0,0
2020-03-18,12,SE,5,0,NA,2298696,NA,1,0
2020-03-18,12,BA,3,0,NA,14873064,NA,0,0
2020-03-18,12,AM,1,0,NA,4144597,NA,0,0
2020-03-18,12,MG,15,0,NA,21168791,NA,8,0
2020-03-18,12,ES,9,0,NA,4018650,NA,8,0
2020-03-18,12,RJ,45,0,NA,17264943,NA,12,0
2020-03-18,12,SP,240,4,NA,45919049,NA,76,3
2020-03-18,12,PR,13,0,NA,11433957,NA,7,0
2020-03-18,12,SC,10,0,NA,7164788,NA,3,0
2020-03-18,12,RS,19,0,NA,11377239,NA,9,0
2020-03-19,12,MS,7,0,NA,2778986,NA,0,0
2020-03-19,12,GO,12,0,NA,7018354,NA,4,0
2020-03-19,12,DF,42,0,NA,3015268,NA,16,0
2020-03-19,12,CE,20,0,NA,9132078,NA,11,0
2020-03-19,12,RN,1,0,NA,3506853,NA,0,0
2020-03-19,12,PB,1,0,NA,4018127,NA,1,0
2020-03-19,12,PE,28,0,NA,9557071,NA,12,0
2020-03-19,12,AL,4,0,NA,3337357,NA,3,0
2020-03-19,12,SE,6,0,NA,2298696,NA,1,0
2020-03-19,12,BA,30,0,NA,14873064,NA,27,0
2020-03-19,12,AC,3,0,NA,881935,NA,3,0
2020-03-19,12,AM,3,0,NA,4144597,NA,2,0
2020-03-19,12,PA,1,0,NA,8602865,NA,1,0
2020-03-19,12,TO,1,0,NA,1572866,NA,1,0
2020-03-19,12,MG,29,0,NA,21168791,NA,14,0
2020-03-19,12,ES,11,0,NA,4018650,NA,2,0
2020-03-19,12,RJ,65,2,NA,17264943,NA,20,2
2020-03-19,12,SP,286,4,NA,45919049,NA,46,0
2020-03-19,12,PR,23,0,NA,11433957,NA,10,0
2020-03-19,12,SC,20,0,NA,7164788,NA,10,0
2020-03-19,12,RS,28,0,NA,11377239,NA,9,0
2020-03-20,12,MS,9,0,NA,2778986,NA,2,0
2020-03-20,12,MT,1,0,NA,3484466,NA,1,0
2020-03-20,12,GO,15,0,NA,7018354,NA,3,0
2020-03-20,12,DF,87,0,NA,3015268,NA,45,0
2020-03-20,12,PI,3,0,NA,3273227,NA,3,0
2020-03-20,12,CE,55,0,NA,9132078,NA,35,0
2020-03-20,12,RN,1,0,NA,3506853,NA,0,0
2020-03-20,12,PB,1,0,NA,4018127,NA,0,0
2020-03-20,12,PE,30,0,NA,9557071,NA,2,0
2020-03-20,12,AL,5,0,NA,3337357,NA,1,0
2020-03-20,12,SE,6,0,NA,2298696,NA,0,0
2020-03-20,12,BA,33,0,NA,14873064,NA,3,0
2020-03-20,12,RO,1,0,NA,1777225,NA,1,0
2020-03-20,12,AC,7,0,NA,881935,NA,4,0
2020-03-20,12,AM,3,0,NA,4144597,NA,0,0
2020-03-20,12,PA,2,0,NA,8602865,NA,1,0
2020-03-20,12,AP,1,0,NA,845731,NA,1,0
2020-03-20,12,TO,1,0,NA,1572866,NA,0,0
2020-03-20,12,MG,35,0,NA,21168791,NA,6,0
2020-03-20,12,ES,13,0,NA,4018650,NA,2,0
2020-03-20,12,RJ,109,2,NA,17264943,NA,44,0
2020-03-20,12,SP,396,9,NA,45919049,NA,110,5
2020-03-20,12,PR,32,0,NA,11433957,NA,9,0
2020-03-20,12,SC,21,0,NA,7164788,NA,1,0
2020-03-20,12,RS,37,0,NA,11377239,NA,9,0
2020-03-21,12,MS,16,0,NA,2778986,NA,7,0
2020-03-21,12,MT,2,0,NA,3484466,NA,1,0
2020-03-21,12,GO,20,0,NA,7018354,NA,5,0
2020-03-21,12,DF,100,0,NA,3015268,NA,13,0
2020-03-21,12,MA,1,0,NA,7075181,NA,1,0
2020-03-21,12,PI,4,0,NA,3273227,NA,1,0
2020-03-21,12,CE,68,0,NA,9132078,NA,13,0
2020-03-21,12,RN,6,0,NA,3506853,NA,5,0
2020-03-21,12,PB,1,0,NA,4018127,NA,0,0
2020-03-21,12,PE,30,0,NA,9557071,NA,0,0
2020-03-21,12,AL,7,0,NA,3337357,NA,2,0
2020-03-21,12,SE,10,0,NA,2298696,NA,4,0
2020-03-21,12,BA,41,0,NA,14873064,NA,8,0
2020-03-21,12,RO,1,0,NA,1777225,NA,0,0
2020-03-21,12,AC,9,0,NA,881935,NA,2,0
2020-03-21,12,AM,11,0,NA,4144597,NA,8,0
2020-03-21,12,PA,2,0,NA,8602865,NA,0,0
2020-03-21,12,AP,1,0,NA,845731,NA,0,0
2020-03-21,12,TO,2,0,NA,1572866,NA,1,0
2020-03-21,12,MG,38,0,NA,21168791,NA,3,0
2020-03-21,12,ES,26,0,NA,4018650,NA,13,0
2020-03-21,12,RJ,119,3,NA,17264943,NA,10,1
2020-03-21,12,SP,459,15,NA,45919049,NA,63,6
2020-03-21,12,PR,43,0,NA,11433957,NA,11,0
2020-03-21,12,SC,51,0,NA,7164788,NA,30,0
2020-03-21,12,RS,60,0,NA,11377239,NA,23,0
2020-03-22,13,MS,21,0,NA,2778986,NA,5,0
2020-03-22,13,MT,2,0,NA,3484466,NA,0,0
2020-03-22,13,GO,21,0,NA,7018354,NA,1,0
2020-03-22,13,DF,117,0,NA,3015268,NA,17,0
2020-03-22,13,MA,2,0,NA,7075181,NA,1,0
2020-03-22,13,PI,4,0,NA,3273227,NA,0,0
2020-03-22,13,CE,112,0,NA,9132078,NA,44,0
2020-03-22,13,RN,9,0,NA,3506853,NA,3,0
2020-03-22,13,PB,1,0,NA,4018127,NA,0,0
2020-03-22,13,PE,37,0,NA,9557071,NA,7,0
2020-03-22,13,AL,7,0,NA,3337357,NA,0,0
2020-03-22,13,SE,10,0,NA,2298696,NA,0,0
2020-03-22,13,BA,49,0,NA,14873064,NA,8,0
2020-03-22,13,RO,3,0,NA,1777225,NA,2,0
2020-03-22,13,AC,11,0,NA,881935,NA,2,0
2020-03-22,13,AM,26,0,NA,4144597,NA,15,0
2020-03-22,13,RR,2,0,NA,605761,NA,2,0
2020-03-22,13,PA,4,0,NA,8602865,NA,2,0
2020-03-22,13,AP,1,0,NA,845731,NA,0,0
2020-03-22,13,TO,2,0,NA,1572866,NA,0,0
2020-03-22,13,MG,83,0,NA,21168791,NA,45,0
2020-03-22,13,ES,26,0,NA,4018650,NA,0,0
2020-03-22,13,RJ,186,3,NA,17264943,NA,67,0
2020-03-22,13,SP,631,22,NA,45919049,NA,172,7
2020-03-22,13,PR,50,0,NA,11433957,NA,7,0
2020-03-22,13,SC,57,0,NA,7164788,NA,6,0
2020-03-22,13,RS,72,0,NA,11377239,NA,12,0
2020-03-23,13,MS,21,0,NA,2778986,NA,0,0
2020-03-23,13,MT,2,0,NA,3484466,NA,0,0
2020-03-23,13,GO,23,0,NA,7018354,NA,2,0
2020-03-23,13,DF,133,0,NA,3015268,NA,16,0
2020-03-23,13,MA,2,0,NA,7075181,NA,0,0
2020-03-23,13,PI,6,0,NA,3273227,NA,2,0
2020-03-23,13,CE,163,0,NA,9132078,NA,51,0
2020-03-23,13,RN,13,0,NA,3506853,NA,4,0
2020-03-23,13,PB,2,0,NA,4018127,NA,1,0
2020-03-23,13,PE,42,0,NA,9557071,NA,5,0
2020-03-23,13,AL,7,0,NA,3337357,NA,0,0
2020-03-23,13,SE,10,0,NA,2298696,NA,0,0
2020-03-23,13,BA,63,0,NA,14873064,NA,14,0
2020-03-23,13,RO,3,0,NA,1777225,NA,0,0
2020-03-23,13,AC,11,0,NA,881935,NA,0,0
2020-03-23,13,AM,32,0,NA,4144597,NA,6,0
2020-03-23,13,RR,2,0,NA,605761,NA,0,0
2020-03-23,13,PA,5,0,NA,8602865,NA,1,0
2020-03-23,13,AP,1,0,NA,845731,NA,0,0
2020-03-23,13,TO,5,0,NA,1572866,NA,3,0
2020-03-23,13,MG,128,0,NA,21168791,NA,45,0
2020-03-23,13,ES,29,0,NA,4018650,NA,3,0
2020-03-23,13,RJ,233,4,NA,17264943,NA,47,1
2020-03-23,13,SP,745,30,NA,45919049,NA,114,8
2020-03-23,13,PR,56,0,NA,11433957,NA,6,0
2020-03-23,13,SC,68,0,NA,7164788,NA,11,0
2020-03-23,13,RS,86,0,NA,11377239,NA,14,0
2020-03-24,13,MS,23,0,NA,2778986,NA,2,0
2020-03-24,13,MT,7,0,NA,3484466,NA,5,0
2020-03-24,13,GO,27,0,NA,7018354,NA,4,0
2020-03-24,13,DF,160,0,NA,3015268,NA,27,0
2020-03-24,13,MA,8,0,NA,7075181,NA,6,0
2020-03-24,13,PI,6,0,NA,3273227,NA,0,0
2020-03-24,13,CE,182,0,NA,9132078,NA,19,0
2020-03-24,13,RN,13,0,NA,3506853,NA,0,0
2020-03-24,13,PB,3,0,NA,4018127,NA,1,0
2020-03-24,13,PE,42,0,NA,9557071,NA,0,0
2020-03-24,13,AL,9,0,NA,3337357,NA,2,0
2020-03-24,13,SE,15,0,NA,2298696,NA,5,0
2020-03-24,13,BA,76,0,NA,14873064,NA,13,0
2020-03-24,13,RO,3,0,NA,1777225,NA,0,0
2020-03-24,13,AC,17,0,NA,881935,NA,6,0
2020-03-24,13,AM,47,0,NA,4144597,NA,15,0
2020-03-24,13,RR,2,0,NA,605761,NA,0,0
2020-03-24,13,PA,5,0,NA,8602865,NA,0,0
2020-03-24,13,AP,1,0,NA,845731,NA,0,0
2020-03-24,13,TO,7,0,NA,1572866,NA,2,0
2020-03-24,13,MG,130,0,NA,21168791,NA,2,0
2020-03-24,13,ES,33,0,NA,4018650,NA,4,0
2020-03-24,13,RJ,305,6,NA,17264943,NA,72,2
2020-03-24,13,SP,810,40,NA,45919049,NA,65,10
2020-03-24,13,PR,65,0,NA,11433957,NA,9,0
2020-03-24,13,SC,107,0,NA,7164788,NA,39,0
2020-03-24,13,RS,98,0,NA,11377239,NA,12,0
2020-03-25,13,MS,24,0,NA,2778986,NA,1,0
2020-03-25,13,MT,8,0,NA,3484466,NA,1,0
2020-03-25,13,GO,29,0,NA,7018354,NA,2,0
2020-03-25,13,DF,160,0,NA,3015268,NA,0,0
2020-03-25,13,MA,8,0,NA,7075181,NA,0,0
2020-03-25,13,PI,8,0,NA,3273227,NA,2,0
2020-03-25,13,CE,200,0,NA,9132078,NA,18,0
2020-03-25,13,RN,14,0,NA,3506853,NA,1,0
2020-03-25,13,PB,3,0,NA,4018127,NA,0,0
2020-03-25,13,PE,46,1,NA,9557071,NA,4,1
2020-03-25,13,AL,11,0,NA,3337357,NA,2,0
2020-03-25,13,SE,16,0,NA,2298696,NA,1,0
2020-03-25,13,BA,84,0,NA,14873064,NA,8,0
2020-03-25,13,RO,5,0,NA,1777225,NA,2,0
2020-03-25,13,AC,23,0,NA,881935,NA,6,0
2020-03-25,13,AM,54,1,NA,4144597,NA,7,1
2020-03-25,13,RR,8,0,NA,605761,NA,6,0
2020-03-25,13,PA,7,0,NA,8602865,NA,2,0
2020-03-25,13,AP,1,0,NA,845731,NA,0,0
2020-03-25,13,TO,7,0,NA,1572866,NA,0,0
2020-03-25,13,MG,133,0,NA,21168791,NA,3,0
2020-03-25,13,ES,39,0,NA,4018650,NA,6,0
2020-03-25,13,RJ,370,6,NA,17264943,NA,65,0
2020-03-25,13,SP,862,48,NA,45919049,NA,52,8
2020-03-25,13,PR,81,0,NA,11433957,NA,16,0
2020-03-25,13,SC,109,0,NA,7164788,NA,2,0
2020-03-25,13,RS,123,1,NA,11377239,NA,25,1
2020-03-26,13,MS,25,0,NA,2778986,NA,1,0
2020-03-26,13,MT,11,0,NA,3484466,NA,3,0
2020-03-26,13,GO,39,1,NA,7018354,NA,10,1
2020-03-26,13,DF,200,0,NA,3015268,NA,40,0
2020-03-26,13,MA,10,0,NA,7075181,NA,2,0
2020-03-26,13,PI,9,0,NA,3273227,NA,1,0
2020-03-26,13,CE,235,3,NA,9132078,NA,35,3
2020-03-26,13,RN,19,0,NA,3506853,NA,5,0
2020-03-26,13,PB,5,0,NA,4018127,NA,2,0
2020-03-26,13,PE,48,3,NA,9557071,NA,2,2
2020-03-26,13,AL,11,0,NA,3337357,NA,0,0
2020-03-26,13,SE,16,0,NA,2298696,NA,0,0
2020-03-26,13,BA,104,0,NA,14873064,NA,20,0
2020-03-26,13,RO,5,0,NA,1777225,NA,0,0
2020-03-26,13,AC,24,0,NA,881935,NA,1,0
2020-03-26,13,AM,67,1,NA,4144597,NA,13,0
2020-03-26,13,RR,8,0,NA,605761,NA,0,0
2020-03-26,13,PA,13,0,NA,8602865,NA,6,0
2020-03-26,13,AP,2,0,NA,845731,NA,1,0
2020-03-26,13,TO,7,0,NA,1572866,NA,0,0
2020-03-26,13,MG,153,0,NA,21168791,NA,20,0
2020-03-26,13,ES,39,0,NA,4018650,NA,0,0
2020-03-26,13,RJ,421,9,NA,17264943,NA,51,3
2020-03-26,13,SP,1052,58,NA,45919049,NA,190,10
2020-03-26,13,PR,102,0,NA,11433957,NA,21,0
2020-03-26,13,SC,122,1,NA,7164788,NA,13,1
2020-03-26,13,RS,168,1,NA,11377239,NA,45,0
2020-03-27,13,MS,28,0,NA,2778986,NA,3,0
2020-03-27,13,MT,11,0,NA,3484466,NA,0,0
2020-03-27,13,GO,49,1,NA,7018354,NA,10,0
2020-03-27,13,DF,230,0,NA,3015268,NA,30,0
2020-03-27,13,MA,13,0,NA,7075181,NA,3,0
2020-03-27,13,PI,9,0,NA,3273227,NA,0,0
2020-03-27,13,CE,282,3,NA,9132078,NA,47,0
2020-03-27,13,RN,28,0,NA,3506853,NA,9,0
2020-03-27,13,PB,9,0,NA,4018127,NA,4,0
2020-03-27,13,PE,56,4,NA,9557071,NA,8,1
2020-03-27,13,AL,11,0,NA,3337357,NA,0,0
2020-03-27,13,SE,16,0,NA,2298696,NA,0,0
2020-03-27,13,BA,115,0,NA,14873064,NA,11,0
2020-03-27,13,RO,6,0,NA,1777225,NA,1,0
2020-03-27,13,AC,25,0,NA,881935,NA,1,0
2020-03-27,13,AM,81,1,NA,4144597,NA,14,0
2020-03-27,13,RR,10,0,NA,605761,NA,2,0
2020-03-27,13,PA,13,0,NA,8602865,NA,0,0
2020-03-27,13,AP,2,0,NA,845731,NA,0,0
2020-03-27,13,TO,8,0,NA,1572866,NA,1,0
2020-03-27,13,MG,189,0,NA,21168791,NA,36,0
2020-03-27,13,ES,47,0,NA,4018650,NA,8,0
2020-03-27,13,RJ,493,10,NA,17264943,NA,72,1
2020-03-27,13,SP,1223,68,NA,45919049,NA,171,10
2020-03-27,13,PR,119,2,NA,11433957,NA,17,2
2020-03-27,13,SC,149,1,NA,7164788,NA,27,0
2020-03-27,13,RS,195,2,NA,11377239,NA,27,1
2020-03-28,13,MS,31,0,NA,2778986,NA,3,0
2020-03-28,13,MT,13,0,NA,3484466,NA,2,0
2020-03-28,13,GO,56,1,NA,7018354,NA,7,0
2020-03-28,13,DF,260,0,NA,3015268,NA,30,0
2020-03-28,13,MA,14,0,NA,7075181,NA,1,0
2020-03-28,13,PI,11,1,NA,3273227,NA,2,1
2020-03-28,13,CE,314,4,NA,9132078,NA,32,1
2020-03-28,13,RN,45,0,NA,3506853,NA,17,0
2020-03-28,13,PB,14,0,NA,4018127,NA,5,0
2020-03-28,13,PE,68,5,NA,9557071,NA,12,1
2020-03-28,13,AL,14,0,NA,3337357,NA,3,0
2020-03-28,13,SE,16,0,NA,2298696,NA,0,0
2020-03-28,13,BA,127,0,NA,14873064,NA,12,0
2020-03-28,13,RO,6,0,NA,1777225,NA,0,0
2020-03-28,13,AC,25,0,NA,881935,NA,0,0
2020-03-28,13,AM,111,1,NA,4144597,NA,30,0
2020-03-28,13,RR,12,0,NA,605761,NA,2,0
2020-03-28,13,PA,17,0,NA,8602865,NA,4,0
2020-03-28,13,AP,4,0,NA,845731,NA,2,0
2020-03-28,13,TO,9,0,NA,1572866,NA,1,0
2020-03-28,13,MG,205,0,NA,21168791,NA,16,0
2020-03-28,13,ES,53,0,NA,4018650,NA,6,0
2020-03-28,13,RJ,558,13,NA,17264943,NA,65,3
2020-03-28,13,SP,1406,84,NA,45919049,NA,183,16
2020-03-28,13,PR,133,2,NA,11433957,NA,14,0
2020-03-28,13,SC,184,1,NA,7164788,NA,35,0
2020-03-28,13,RS,197,2,NA,11377239,NA,2,0
2020-03-29,14,MS,36,0,NA,2778986,NA,5,0
2020-03-29,14,MT,16,0,NA,3484466,NA,3,0
2020-03-29,14,GO,58,1,NA,7018354,NA,2,0
2020-03-29,14,DF,289,1,NA,3015268,NA,29,1
2020-03-29,14,MA,16,0,NA,7075181,NA,2,0
2020-03-29,14,PI,14,1,NA,3273227,NA,3,0
2020-03-29,14,CE,348,5,NA,9132078,NA,34,1
2020-03-29,14,RN,68,1,NA,3506853,NA,23,1
2020-03-29,14,PB,14,0,NA,4018127,NA,0,0
2020-03-29,14,PE,73,5,NA,9557071,NA,5,0
2020-03-29,14,AL,17,0,NA,3337357,NA,3,0
2020-03-29,14,SE,16,0,NA,2298696,NA,0,0
2020-03-29,14,BA,154,1,NA,14873064,NA,27,1
2020-03-29,14,RO,6,0,NA,1777225,NA,0,0
2020-03-29,14,AC,34,0,NA,881935,NA,9,0
2020-03-29,14,AM,140,1,NA,4144597,NA,29,0
2020-03-29,14,RR,16,0,NA,605761,NA,4,0
2020-03-29,14,PA,18,0,NA,8602865,NA,1,0
2020-03-29,14,AP,4,0,NA,845731,NA,0,0
2020-03-29,14,TO,9,0,NA,1572866,NA,0,0
2020-03-29,14,MG,231,0,NA,21168791,NA,26,0
2020-03-29,14,ES,60,0,NA,4018650,NA,7,0
2020-03-29,14,RJ,600,17,NA,17264943,NA,42,4
2020-03-29,14,SP,1451,98,NA,45919049,NA,45,14
2020-03-29,14,PR,148,2,NA,11433957,NA,15,0
2020-03-29,14,SC,194,1,NA,7164788,NA,10,0
2020-03-29,14,RS,226,2,NA,11377239,NA,29,0
2020-03-30,14,MS,44,0,NA,2778986,NA,8,0
2020-03-30,14,MT,18,0,NA,3484466,NA,2,0
2020-03-30,14,GO,61,1,NA,7018354,NA,3,0
2020-03-30,14,DF,312,1,NA,3015268,NA,23,0
2020-03-30,14,MA,23,1,NA,7075181,NA,7,1
2020-03-30,14,PI,16,3,NA,3273227,NA,2,2
2020-03-30,14,CE,372,5,NA,9132078,NA,24,0
2020-03-30,14,RN,77,1,NA,3506853,NA,9,0
2020-03-30,14,PB,15,0,NA,4018127,NA,1,0
2020-03-30,14,PE,78,6,NA,9557071,NA,5,1
2020-03-30,14,AL,17,0,NA,3337357,NA,0,0
2020-03-30,14,SE,16,0,NA,2298696,NA,0,0
2020-03-30,14,BA,176,1,NA,14873064,NA,22,0
2020-03-30,14,RO,6,0,NA,1777225,NA,0,0
2020-03-30,14,AC,42,0,NA,881935,NA,8,0
2020-03-30,14,AM,151,1,NA,4144597,NA,11,0
2020-03-30,14,RR,16,0,NA,605761,NA,0,0
2020-03-30,14,PA,21,0,NA,8602865,NA,3,0
2020-03-30,14,AP,8,0,NA,845731,NA,4,0
2020-03-30,14,TO,10,0,NA,1572866,NA,1,0
2020-03-30,14,MG,261,1,NA,21168791,NA,30,1
2020-03-30,14,ES,72,0,NA,4018650,NA,12,0
2020-03-30,14,RJ,657,18,NA,17264943,NA,57,1
2020-03-30,14,SP,1517,113,NA,45919049,NA,66,15
2020-03-30,14,PR,155,3,NA,11433957,NA,7,1
2020-03-30,14,SC,197,1,NA,7164788,NA,3,0
2020-03-30,14,RS,241,3,NA,11377239,NA,15,1
2020-03-31,14,MS,48,1,NA,2778986,NA,4,1
2020-03-31,14,MT,25,0,NA,3484466,NA,7,0
2020-03-31,14,GO,65,1,NA,7018354,NA,4,0
2020-03-31,14,DF,332,3,NA,3015268,NA,20,2
2020-03-31,14,MA,31,1,NA,7075181,NA,8,0
2020-03-31,14,PI,18,4,NA,3273227,NA,2,1
2020-03-31,14,CE,390,7,NA,9132078,NA,18,2
2020-03-31,14,RN,82,1,NA,3506853,NA,5,0
2020-03-31,14,PB,17,0,NA,4018127,NA,2,0
2020-03-31,14,PE,87,6,NA,9557071,NA,9,0
2020-03-31,14,AL,18,1,NA,3337357,NA,1,1
2020-03-31,14,SE,19,0,NA,2298696,NA,3,0
2020-03-31,14,BA,213,2,NA,14873064,NA,37,1
2020-03-31,14,RO,8,1,NA,1777225,NA,2,1
2020-03-31,14,AC,42,0,NA,881935,NA,0,0
2020-03-31,14,AM,175,3,NA,4144597,NA,24,2
2020-03-31,14,RR,16,0,NA,605761,NA,0,0
2020-03-31,14,PA,32,0,NA,8602865,NA,11,0
2020-03-31,14,AP,10,0,NA,845731,NA,2,0
2020-03-31,14,TO,11,0,NA,1572866,NA,1,0
2020-03-31,14,MG,275,2,NA,21168791,NA,14,1
2020-03-31,14,ES,84,0,NA,4018650,NA,12,0
2020-03-31,14,RJ,708,23,NA,17264943,NA,51,5
2020-03-31,14,SP,2339,136,NA,45919049,NA,822,23
2020-03-31,14,PR,179,3,NA,11433957,NA,24,0
2020-03-31,14,SC,219,2,NA,7164788,NA,22,1
2020-03-31,14,RS,274,4,NA,11377239,NA,33,1
2020-04-01,14,MS,51,1,NA,2778986,NA,3,0
2020-04-01,14,MT,27,0,NA,3484466,NA,2,0
2020-04-01,14,GO,71,1,NA,7018354,NA,6,0
2020-04-01,14,DF,355,3,NA,3015268,NA,23,0
2020-04-01,14,MA,52,1,NA,7075181,NA,21,0
2020-04-01,14,PI,18,4,NA,3273227,NA,0,0
2020-04-01,14,CE,444,8,NA,9132078,NA,54,1
2020-04-01,14,RN,92,2,NA,3506853,NA,10,1
2020-04-01,14,PB,20,1,NA,4018127,NA,3,1
2020-04-01,14,PE,95,8,NA,9557071,NA,8,2
2020-04-01,14,AL,18,1,NA,3337357,NA,0,0
2020-04-01,14,SE,20,0,NA,2298696,NA,1,0
2020-04-01,14,BA,246,2,NA,14873064,NA,33,0
2020-04-01,14,RO,9,1,NA,1777225,NA,1,0
2020-04-01,14,AC,43,0,NA,881935,NA,1,0
2020-04-01,14,AM,200,3,NA,4144597,NA,25,0
2020-04-01,14,RR,22,0,NA,605761,NA,6,0
2020-04-01,14,PA,40,1,NA,8602865,NA,8,1
2020-04-01,14,AP,11,0,NA,845731,NA,1,0
2020-04-01,14,TO,12,0,NA,1572866,NA,1,0
2020-04-01,14,MG,314,3,NA,21168791,NA,39,1
2020-04-01,14,ES,96,0,NA,4018650,NA,12,0
2020-04-01,14,RJ,832,28,NA,17264943,NA,124,5
2020-04-01,14,SP,2981,164,NA,45919049,NA,642,28
2020-04-01,14,PR,224,3,NA,11433957,NA,45,0
2020-04-01,14,SC,235,2,NA,7164788,NA,16,0
2020-04-01,14,RS,306,4,NA,11377239,NA,32,0
2020-04-02,14,MS,53,1,NA,2778986,NA,2,0
2020-04-02,14,MT,36,0,NA,3484466,NA,9,0
2020-04-02,14,GO,73,1,NA,7018354,NA,2,0
2020-04-02,14,DF,370,4,NA,3015268,NA,15,1
2020-04-02,14,MA,71,1,NA,7075181,NA,19,0
2020-04-02,14,PI,19,4,NA,3273227,NA,1,0
2020-04-02,14,CE,550,20,NA,9132078,NA,106,12
2020-04-02,14,RN,105,2,NA,3506853,NA,13,0
2020-04-02,14,PB,21,1,NA,4018127,NA,1,0
2020-04-02,14,PE,106,9,NA,9557071,NA,11,1
2020-04-02,14,AL,18,1,NA,3337357,NA,0,0
2020-04-02,14,SE,23,2,NA,2298696,NA,3,2
2020-04-02,14,BA,267,3,NA,14873064,NA,21,1
2020-04-02,14,RO,10,1,NA,1777225,NA,1,0
2020-04-02,14,AC,43,0,NA,881935,NA,0,0
2020-04-02,14,AM,229,3,NA,4144597,NA,29,0
2020-04-02,14,RR,26,0,NA,605761,NA,4,0
2020-04-02,14,PA,46,1,NA,8602865,NA,6,0
2020-04-02,14,AP,11,0,NA,845731,NA,0,0
2020-04-02,14,TO,12,0,NA,1572866,NA,0,0
2020-04-02,14,MG,370,4,NA,21168791,NA,56,1
2020-04-02,14,ES,120,1,NA,4018650,NA,24,1
2020-04-02,14,RJ,992,41,NA,17264943,NA,160,13
2020-04-02,14,SP,3506,188,NA,45919049,NA,525,24
2020-04-02,14,PR,252,4,NA,11433957,NA,28,1
2020-04-02,14,SC,247,2,NA,7164788,NA,12,0
2020-04-02,14,RS,334,5,NA,11377239,NA,28,1
2020-04-03,14,MS,60,1,NA,2778986,NA,7,0
2020-04-03,14,MT,44,1,NA,3484466,NA,8,1
2020-04-03,14,GO,88,2,NA,7018354,NA,15,1
2020-04-03,14,DF,402,5,NA,3015268,NA,32,1
2020-04-03,14,MA,81,1,NA,7075181,NA,10,0
2020-04-03,14,PI,21,4,NA,3273227,NA,2,0
2020-04-03,14,CE,627,22,NA,9132078,NA,77,2
2020-04-03,14,RN,176,4,NA,3506853,NA,71,2
2020-04-03,14,PB,29,1,NA,4018127,NA,8,0
2020-04-03,14,PE,136,10,NA,9557071,NA,30,1
2020-04-03,14,AL,22,2,NA,3337357,NA,4,1
2020-04-03,14,SE,25,2,NA,2298696,NA,2,0
2020-04-03,14,BA,282,5,NA,14873064,NA,15,2
2020-04-03,14,RO,10,1,NA,1777225,NA,0,0
2020-04-03,14,AC,46,0,NA,881935,NA,3,0
2020-04-03,14,AM,260,7,NA,4144597,NA,31,4
2020-04-03,14,RR,30,0,NA,605761,NA,4,0
2020-04-03,14,PA,50,1,NA,8602865,NA,4,0
2020-04-03,14,AP,19,0,NA,845731,NA,8,0
2020-04-03,14,TO,12,0,NA,1572866,NA,0,0
2020-04-03,14,MG,397,6,NA,21168791,NA,27,2
2020-04-03,14,ES,139,4,NA,4018650,NA,19,3
2020-04-03,14,RJ,1074,47,NA,17264943,NA,82,6
2020-04-03,14,SP,4048,219,NA,45919049,NA,542,31
2020-04-03,14,PR,301,4,NA,11433957,NA,49,0
2020-04-03,14,SC,281,5,NA,7164788,NA,34,3
2020-04-03,14,RS,396,5,NA,11377239,NA,62,0
2020-04-04,14,MS,62,1,NA,2778986,NA,2,0
2020-04-04,14,MT,56,1,NA,3484466,NA,12,0
2020-04-04,14,GO,103,2,NA,7018354,NA,15,0
2020-04-04,14,DF,454,7,NA,3015268,NA,52,2
2020-04-04,14,MA,88,1,NA,7075181,NA,7,0
2020-04-04,14,PI,22,4,NA,3273227,NA,1,0
2020-04-04,14,CE,730,22,NA,9132078,NA,103,0
2020-04-04,14,RN,212,5,NA,3506853,NA,36,1
2020-04-04,14,PB,32,2,NA,4018127,NA,3,1
2020-04-04,14,PE,176,14,NA,9557071,NA,40,4
2020-04-04,14,AL,23,2,NA,3337357,NA,1,0
2020-04-04,14,SE,27,2,NA,2298696,NA,2,0
2020-04-04,14,BA,332,7,NA,14873064,NA,50,2
2020-04-04,14,RO,11,1,NA,1777225,NA,1,0
2020-04-04,14,AC,46,0,NA,881935,NA,0,0
2020-04-04,14,AM,311,12,NA,4144597,NA,51,5
2020-04-04,14,RR,37,1,NA,605761,NA,7,1
2020-04-04,14,PA,80,1,NA,8602865,NA,30,0
2020-04-04,14,AP,28,1,NA,845731,NA,9,1
2020-04-04,14,TO,14,0,NA,1572866,NA,2,0
2020-04-04,14,MG,430,6,NA,21168791,NA,33,0
2020-04-04,14,ES,153,5,NA,4018650,NA,14,1
2020-04-04,14,RJ,1246,58,NA,17264943,NA,172,11
2020-04-04,14,SP,4466,260,NA,45919049,NA,418,41
2020-04-04,14,PR,395,6,NA,11433957,NA,94,2
2020-04-04,14,SC,334,5,NA,7164788,NA,53,0
2020-04-04,14,RS,410,6,NA,11377239,NA,14,1
2020-04-05,15,MS,65,1,NA,2778986,NA,3,0
2020-04-05,15,MT,60,1,NA,3484466,NA,4,0
2020-04-05,15,GO,115,3,NA,7018354,NA,12,1
2020-04-05,15,DF,468,7,NA,3015268,NA,14,0
2020-04-05,15,MA,96,2,NA,7075181,NA,8,1
2020-04-05,15,PI,23,4,NA,3273227,NA,1,0
2020-04-05,15,CE,823,26,NA,9132078,NA,93,4
2020-04-05,15,RN,242,7,NA,3506853,NA,30,2
2020-04-05,15,PB,34,4,NA,4018127,NA,2,2
2020-04-05,15,PE,201,21,NA,9557071,NA,25,7
2020-04-05,15,AL,28,2,NA,3337357,NA,5,0
2020-04-05,15,SE,32,3,NA,2298696,NA,5,1
2020-04-05,15,BA,401,9,NA,14873064,NA,69,2
2020-04-05,15,RO,12,1,NA,1777225,NA,1,0
2020-04-05,15,AC,48,0,NA,881935,NA,2,0
2020-04-05,15,AM,417,14,NA,4144597,NA,106,2
2020-04-05,15,RR,42,1,NA,605761,NA,5,0
2020-04-05,15,PA,86,1,NA,8602865,NA,6,0
2020-04-05,15,AP,29,2,NA,845731,NA,1,1
2020-04-05,15,TO,17,0,NA,1572866,NA,3,0
2020-04-05,15,MG,498,6,NA,21168791,NA,68,0
2020-04-05,15,ES,166,6,NA,4018650,NA,13,1
2020-04-05,15,RJ,1394,64,NA,17264943,NA,148,6
2020-04-05,15,SP,4620,275,NA,45919049,NA,154,15
2020-04-05,15,PR,438,9,NA,11433957,NA,43,3
2020-04-05,15,SC,357,10,NA,7164788,NA,23,5
2020-04-05,15,RS,418,7,NA,11377239,NA,8,1
2020-04-06,15,MS,66,1,NA,2778986,NA,1,0
2020-04-06,15,MT,76,1,NA,3484466,NA,16,0
2020-04-06,15,GO,119,5,NA,7018354,NA,4,2
2020-04-06,15,DF,473,10,NA,3015268,NA,5,3
2020-04-06,15,MA,133,2,NA,7075181,NA,37,0
2020-04-06,15,PI,23,4,NA,3273227,NA,0,0
2020-04-06,15,CE,1013,29,NA,9132078,NA,190,3
2020-04-06,15,RN,246,7,NA,3506853,NA,4,0
2020-04-06,15,PB,35,4,NA,4018127,NA,1,0
2020-04-06,15,PE,223,30,NA,9557071,NA,22,9
2020-04-06,15,AL,31,2,NA,3337357,NA,3,0
2020-04-06,15,SE,32,4,NA,2298696,NA,0,1
2020-04-06,15,BA,431,10,NA,14873064,NA,30,1
2020-04-06,15,RO,14,1,NA,1777225,NA,2,0
2020-04-06,15,AC,50,0,NA,881935,NA,2,0
2020-04-06,15,AM,532,19,NA,4144597,NA,115,5
2020-04-06,15,RR,42,1,NA,605761,NA,0,0
2020-04-06,15,PA,102,3,NA,8602865,NA,16,2
2020-04-06,15,AP,34,2,NA,845731,NA,5,0
2020-04-06,15,TO,17,0,NA,1572866,NA,0,0
2020-04-06,15,MG,525,9,NA,21168791,NA,27,3
2020-04-06,15,ES,194,6,NA,4018650,NA,28,0
2020-04-06,15,RJ,1461,71,NA,17264943,NA,67,7
2020-04-06,15,SP,4866,304,NA,45919049,NA,246,29
2020-04-06,15,PR,458,11,NA,11433957,NA,20,2
2020-04-06,15,SC,379,10,NA,7164788,NA,22,0
2020-04-06,15,RS,481,7,NA,11377239,NA,63,0
2020-04-07,15,MS,80,2,NA,2778986,NA,14,1
2020-04-07,15,MT,78,1,NA,3484466,NA,2,0
2020-04-07,15,GO,133,5,NA,7018354,NA,14,0
2020-04-07,15,DF,492,12,NA,3015268,NA,19,2
2020-04-07,15,MA,172,4,NA,7075181,NA,39,2
2020-04-07,15,PI,28,4,NA,3273227,NA,5,0
2020-04-07,15,CE,1051,31,NA,9132078,NA,38,2
2020-04-07,15,RN,254,8,NA,3506853,NA,8,1
2020-04-07,15,PB,36,4,NA,4018127,NA,1,0
2020-04-07,15,PE,352,34,NA,9557071,NA,129,4
2020-04-07,15,AL,32,2,NA,3337357,NA,1,0
2020-04-07,15,SE,36,4,NA,2298696,NA,4,0
2020-04-07,15,BA,456,12,NA,14873064,NA,25,2
2020-04-07,15,RO,18,1,NA,1777225,NA,4,0
2020-04-07,15,AC,50,1,NA,881935,NA,0,1
2020-04-07,15,AM,636,23,NA,4144597,NA,104,4
2020-04-07,15,RR,42,1,NA,605761,NA,0,0
2020-04-07,15,PA,138,5,NA,8602865,NA,36,2
2020-04-07,15,AP,48,2,NA,845731,NA,14,0
2020-04-07,15,TO,19,0,NA,1572866,NA,2,0
2020-04-07,15,MG,559,11,NA,21168791,NA,34,2
2020-04-07,15,ES,209,6,NA,4018650,NA,15,0
2020-04-07,15,RJ,1688,89,NA,17264943,NA,227,18
2020-04-07,15,SP,5682,371,NA,45919049,NA,816,67
2020-04-07,15,PR,503,15,NA,11433957,NA,45,4
2020-04-07,15,SC,417,11,NA,7164788,NA,38,1
2020-04-07,15,RS,508,8,NA,11377239,NA,27,1
2020-04-08,15,MS,85,2,NA,2778986,NA,5,0
2020-04-08,15,MT,90,1,NA,3484466,NA,12,0
2020-04-08,15,GO,158,7,NA,7018354,NA,25,2
2020-04-08,15,DF,509,12,NA,3015268,NA,17,0
2020-04-08,15,MA,230,11,NA,7075181,NA,58,7
2020-04-08,15,PI,31,5,NA,3273227,NA,3,1
2020-04-08,15,CE,1291,43,NA,9132078,NA,240,12
2020-04-08,15,RN,261,11,NA,3506853,NA,7,3
2020-04-08,15,PB,41,4,NA,4018127,NA,5,0
2020-04-08,15,PE,401,46,NA,9557071,NA,49,12
2020-04-08,15,AL,37,2,NA,3337357,NA,5,0
2020-04-08,15,SE,36,4,NA,2298696,NA,0,0
2020-04-08,15,BA,497,15,NA,14873064,NA,41,3
2020-04-08,15,RO,18,1,NA,1777225,NA,0,0
2020-04-08,15,AC,54,2,NA,881935,NA,4,1
2020-04-08,15,AM,804,30,NA,4144597,NA,168,7
2020-04-08,15,RR,49,1,NA,605761,NA,7,0
2020-04-08,15,PA,167,6,NA,8602865,NA,29,1
2020-04-08,15,AP,107,2,NA,845731,NA,59,0
2020-04-08,15,TO,23,0,NA,1572866,NA,4,0
2020-04-08,15,MG,614,14,NA,21168791,NA,55,3
2020-04-08,15,ES,227,6,NA,4018650,NA,18,0
2020-04-08,15,RJ,1938,106,NA,17264943,NA,250,17
2020-04-08,15,SP,6708,428,NA,45919049,NA,1026,57
2020-04-08,15,PR,539,17,NA,11433957,NA,36,2
2020-04-08,15,SC,457,15,NA,7164788,NA,40,4
2020-04-08,15,RS,555,9,NA,11377239,NA,47,1
2020-04-09,15,MS,89,2,NA,2778986,NA,4,0
2020-04-09,15,MT,108,2,NA,3484466,NA,18,1
2020-04-09,15,GO,179,7,NA,7018354,NA,21,0
2020-04-09,15,DF,527,13,NA,3015268,NA,18,1
2020-04-09,15,MA,273,12,NA,7075181,NA,43,1
2020-04-09,15,PI,38,6,NA,3273227,NA,7,1
2020-04-09,15,CE,1425,55,NA,9132078,NA,134,12
2020-04-09,15,RN,261,11,NA,3506853,NA,0,0
2020-04-09,15,PB,55,7,NA,4018127,NA,14,3
2020-04-09,15,PE,555,56,NA,9557071,NA,154,10
2020-04-09,15,AL,37,3,NA,3337357,NA,0,1
2020-04-09,15,SE,39,4,NA,2298696,NA,3,0
2020-04-09,15,BA,559,19,NA,14873064,NA,62,4
2020-04-09,15,RO,28,2,NA,1777225,NA,10,1
2020-04-09,15,AC,62,2,NA,881935,NA,8,0
2020-04-09,15,AM,899,40,NA,4144597,NA,95,10
2020-04-09,15,RR,52,1,NA,605761,NA,3,0
2020-04-09,15,PA,168,7,NA,8602865,NA,1,1
2020-04-09,15,AP,128,2,NA,845731,NA,21,0
2020-04-09,15,TO,23,0,NA,1572866,NA,0,0
2020-04-09,15,MG,655,15,NA,21168791,NA,41,1
2020-04-09,15,ES,273,6,NA,4018650,NA,46,0
2020-04-09,15,RJ,2216,122,NA,17264943,NA,278,16
2020-04-09,15,SP,7480,496,NA,45919049,NA,772,68
2020-04-09,15,PR,609,22,NA,11433957,NA,70,5
2020-04-09,15,SC,501,17,NA,7164788,NA,44,2
2020-04-09,15,RS,618,12,NA,11377239,NA,63,3
2020-04-10,15,MS,97,2,NA,2778986,NA,8,0
2020-04-10,15,MT,112,2,NA,3484466,NA,4,0
2020-04-10,15,GO,191,8,NA,7018354,NA,12,1
2020-04-10,15,DF,555,14,NA,3015268,NA,28,1
2020-04-10,15,MA,293,16,NA,7075181,NA,20,4
2020-04-10,15,PI,40,7,NA,3273227,NA,2,1
2020-04-10,15,CE,1478,58,NA,9132078,NA,53,3
2020-04-10,15,RN,263,11,NA,3506853,NA,2,0
2020-04-10,15,PB,79,11,NA,4018127,NA,24,4
2020-04-10,15,PE,684,65,NA,9557071,NA,129,9
2020-04-10,15,AL,45,3,NA,3337357,NA,8,0
2020-04-10,15,SE,42,4,NA,2298696,NA,3,0
2020-04-10,15,BA,604,19,NA,14873064,NA,45,0
2020-04-10,15,RO,32,2,NA,1777225,NA,4,0
2020-04-10,15,AC,70,2,NA,881935,NA,8,0
2020-04-10,15,AM,981,50,NA,4144597,NA,82,10
2020-04-10,15,RR,63,3,NA,605761,NA,11,2
2020-04-10,15,PA,170,9,NA,8602865,NA,2,2
2020-04-10,15,AP,166,2,NA,845731,NA,38,0
2020-04-10,15,TO,23,0,NA,1572866,NA,0,0
2020-04-10,15,MG,698,17,NA,21168791,NA,43,2
2020-04-10,15,ES,300,7,NA,4018650,NA,27,1
2020-04-10,15,RJ,2464,147,NA,17264943,NA,248,25
2020-04-10,15,SP,8216,540,NA,45919049,NA,736,44
2020-04-10,15,PR,643,25,NA,11433957,NA,34,3
2020-04-10,15,SC,693,18,NA,7164788,NA,192,1
2020-04-10,15,RS,636,14,NA,11377239,NA,18,2
2020-04-11,15,MS,100,2,NA,2778986,NA,3,0
2020-04-11,15,MT,121,3,NA,3484466,NA,9,1
2020-04-11,15,GO,209,10,NA,7018354,NA,18,2
2020-04-11,15,DF,579,14,NA,3015268,NA,24,0
2020-04-11,15,MA,344,21,NA,7075181,NA,51,5
2020-04-11,15,PI,41,7,NA,3273227,NA,1,0
2020-04-11,15,CE,1582,67,NA,9132078,NA,104,9
2020-04-11,15,RN,289,13,NA,3506853,NA,26,2
2020-04-11,15,PB,85,11,NA,4018127,NA,6,0
2020-04-11,15,PE,816,72,NA,9557071,NA,132,7
2020-04-11,15,AL,48,3,NA,3337357,NA,3,0
2020-04-11,15,SE,42,4,NA,2298696,NA,0,0
2020-04-11,15,BA,635,21,NA,14873064,NA,31,2
2020-04-11,15,RO,33,2,NA,1777225,NA,1,0
2020-04-11,15,AC,72,2,NA,881935,NA,2,0
2020-04-11,15,AM,1050,53,NA,4144597,NA,69,3
2020-04-11,15,RR,75,3,NA,605761,NA,12,0
2020-04-11,15,PA,217,10,NA,8602865,NA,47,1
2020-04-11,15,AP,193,3,NA,845731,NA,27,1
2020-04-11,15,TO,23,0,NA,1572866,NA,0,0
2020-04-11,15,MG,750,17,NA,21168791,NA,52,0
2020-04-11,15,ES,349,9,NA,4018650,NA,49,2
2020-04-11,15,RJ,2607,155,NA,17264943,NA,143,8
2020-04-11,15,SP,8419,560,NA,45919049,NA,203,20
2020-04-11,15,PR,676,26,NA,11433957,NA,33,1
2020-04-11,15,SC,732,21,NA,7164788,NA,39,3
2020-04-11,15,RS,640,15,NA,11377239,NA,4,1
2020-04-12,16,MS,101,2,NA,2778986,NA,1,0
2020-04-12,16,MT,123,3,NA,3484466,NA,2,0
2020-04-12,16,GO,229,14,NA,7018354,NA,20,4
2020-04-12,16,DF,614,14,NA,3015268,NA,35,0
2020-04-12,16,MA,398,24,NA,7075181,NA,54,3
2020-04-12,16,PI,44,7,NA,3273227,NA,3,0
2020-04-12,16,CE,1676,74,NA,9132078,NA,94,7
2020-04-12,16,RN,302,15,NA,3506853,NA,13,2
2020-04-12,16,PB,101,13,NA,4018127,NA,16,2
2020-04-12,16,PE,960,85,NA,9557071,NA,144,13
2020-04-12,16,AL,48,3,NA,3337357,NA,0,0
2020-04-12,16,SE,44,4,NA,2298696,NA,2,0
2020-04-12,16,BA,673,21,NA,14873064,NA,38,0
2020-04-12,16,RO,35,2,NA,1777225,NA,2,0
2020-04-12,16,AC,77,2,NA,881935,NA,5,0
2020-04-12,16,AM,1206,62,NA,4144597,NA,156,9
2020-04-12,16,RR,79,3,NA,605761,NA,4,0
2020-04-12,16,PA,246,13,NA,8602865,NA,29,3
2020-04-12,16,AP,230,5,NA,845731,NA,37,2
2020-04-12,16,TO,25,0,NA,1572866,NA,2,0
2020-04-12,16,MG,806,20,NA,21168791,NA,56,3
2020-04-12,16,ES,383,9,NA,4018650,NA,34,0
2020-04-12,16,RJ,2855,170,NA,17264943,NA,248,15
2020-04-12,16,SP,8755,588,NA,45919049,NA,336,28
2020-04-12,16,PR,738,30,NA,11433957,NA,62,4
2020-04-12,16,SC,768,24,NA,7164788,NA,36,3
2020-04-12,16,RS,653,16,NA,11377239,NA,13,1
2020-04-13,16,MS,113,4,NA,2778986,NA,12,2
2020-04-13,16,MT,134,4,NA,3484466,NA,11,1
2020-04-13,16,GO,233,15,NA,7018354,NA,4,1
2020-04-13,16,DF,638,15,NA,3015268,NA,24,1
2020-04-13,16,MA,445,27,NA,7075181,NA,47,3
2020-04-13,16,PI,50,8,NA,3273227,NA,6,1
2020-04-13,16,CE,1800,91,NA,9132078,NA,124,17
2020-04-13,16,RN,339,17,NA,3506853,NA,37,2
2020-04-13,16,PB,111,13,NA,4018127,NA,10,0
2020-04-13,16,PE,1154,102,NA,9557071,NA,194,17
2020-04-13,16,AL,50,3,NA,3337357,NA,2,0
2020-04-13,16,SE,44,4,NA,2298696,NA,0,0
2020-04-13,16,BA,723,22,NA,14873064,NA,50,1
2020-04-13,16,RO,42,2,NA,1777225,NA,7,0
2020-04-13,16,AC,90,3,NA,881935,NA,13,1
2020-04-13,16,AM,1275,71,NA,4144597,NA,69,9
2020-04-13,16,RR,83,3,NA,605761,NA,4,0
2020-04-13,16,PA,270,15,NA,8602865,NA,24,2
2020-04-13,16,AP,242,5,NA,845731,NA,12,0
2020-04-13,16,TO,26,0,NA,1572866,NA,1,0
2020-04-13,16,MG,815,23,NA,21168791,NA,9,3
2020-04-13,16,ES,430,14,NA,4018650,NA,47,5
2020-04-13,16,RJ,3231,188,NA,17264943,NA,376,18
2020-04-13,16,SP,8895,608,NA,45919049,NA,140,20
2020-04-13,16,PR,756,31,NA,11433957,NA,18,1
2020-04-13,16,SC,777,24,NA,7164788,NA,9,0
2020-04-13,16,RS,664,16,NA,11377239,NA,11,0
2020-04-14,16,MS,115,4,NA,2778986,NA,2,0
2020-04-14,16,MT,138,4,NA,3484466,NA,4,0
2020-04-14,16,GO,284,15,NA,7018354,NA,51,0
2020-04-14,16,DF,651,17,NA,3015268,NA,13,2
2020-04-14,16,MA,478,32,NA,7075181,NA,33,5
2020-04-14,16,PI,58,8,NA,3273227,NA,8,0
2020-04-14,16,CE,2005,107,NA,9132078,NA,205,16
2020-04-14,16,RN,376,18,NA,3506853,NA,37,1
2020-04-14,16,PB,136,16,NA,4018127,NA,25,3
2020-04-14,16,PE,1284,115,NA,9557071,NA,130,13
2020-04-14,16,AL,72,4,NA,3337357,NA,22,1
2020-04-14,16,SE,45,4,NA,2298696,NA,1,0
2020-04-14,16,BA,759,22,NA,14873064,NA,36,0
2020-04-14,16,RO,64,2,NA,1777225,NA,22,0
2020-04-14,16,AC,99,3,NA,881935,NA,9,0
2020-04-14,16,AM,1484,90,NA,4144597,NA,209,19
2020-04-14,16,RR,113,3,NA,605761,NA,30,0
2020-04-14,16,PA,323,19,NA,8602865,NA,53,4
2020-04-14,16,AP,307,6,NA,845731,NA,65,1
2020-04-14,16,TO,26,0,NA,1572866,NA,0,0
2020-04-14,16,MG,884,27,NA,21168791,NA,69,4
2020-04-14,16,ES,463,17,NA,4018650,NA,33,3
2020-04-14,16,RJ,3410,224,NA,17264943,NA,179,36
2020-04-14,16,SP,9371,695,NA,45919049,NA,476,87
2020-04-14,16,PR,791,36,NA,11433957,NA,35,5
2020-04-14,16,SC,826,26,NA,7164788,NA,49,2
2020-04-14,16,RS,700,18,NA,11377239,NA,36,2
2020-04-15,16,MS,121,4,NA,2778986,NA,6,0
2020-04-15,16,MT,151,4,NA,3484466,NA,13,0
2020-04-15,16,GO,304,15,NA,7018354,NA,20,0
2020-04-15,16,DF,682,17,NA,3015268,NA,31,0
2020-04-15,16,MA,630,34,NA,7075181,NA,152,2
2020-04-15,16,PI,75,8,NA,3273227,NA,17,0
2020-04-15,16,CE,2157,116,NA,9132078,NA,152,9
2020-04-15,16,RN,399,19,NA,3506853,NA,23,1
2020-04-15,16,PB,151,21,NA,4018127,NA,15,5
2020-04-15,16,PE,1484,143,NA,9557071,NA,200,28
2020-04-15,16,AL,82,5,NA,3337357,NA,10,1
2020-04-15,16,SE,46,4,NA,2298696,NA,1,0
2020-04-15,16,BA,807,27,NA,14873064,NA,48,5
2020-04-15,16,RO,69,2,NA,1777225,NA,5,0
2020-04-15,16,AC,101,3,NA,881935,NA,2,0
2020-04-15,16,AM,1554,106,NA,4144597,NA,70,16
2020-04-15,16,RR,114,3,NA,605761,NA,1,0
2020-04-15,16,PA,384,21,NA,8602865,NA,61,2
2020-04-15,16,AP,334,7,NA,845731,NA,27,1
2020-04-15,16,TO,26,1,NA,1572866,NA,0,1
2020-04-15,16,MG,903,30,NA,21168791,NA,19,3
2020-04-15,16,ES,557,18,NA,4018650,NA,94,1
2020-04-15,16,RJ,3743,265,NA,17264943,NA,333,41
2020-04-15,16,SP,11043,778,NA,45919049,NA,1672,83
2020-04-15,16,PR,803,38,NA,11433957,NA,12,2
2020-04-15,16,SC,853,28,NA,7164788,NA,27,2
2020-04-15,16,RS,747,19,NA,11377239,NA,47,1
2020-04-16,16,MS,131,5,NA,2778986,NA,10,1
2020-04-16,16,MT,156,5,NA,3484466,NA,5,1
2020-04-16,16,GO,318,16,NA,7018354,NA,14,1
2020-04-16,16,DF,716,20,NA,3015268,NA,34,3
2020-04-16,16,MA,695,37,NA,7075181,NA,65,3
2020-04-16,16,PI,91,8,NA,3273227,NA,16,0
2020-04-16,16,CE,2386,124,NA,9132078,NA,229,8
2020-04-16,16,RN,400,20,NA,3506853,NA,1,1
2020-04-16,16,PB,165,24,NA,4018127,NA,14,3
2020-04-16,16,PE,1683,160,NA,9557071,NA,199,17
2020-04-16,16,AL,89,5,NA,3337357,NA,7,0
2020-04-16,16,SE,48,4,NA,2298696,NA,2,0
2020-04-16,16,BA,951,30,NA,14873064,NA,144,3
2020-04-16,16,RO,76,3,NA,1777225,NA,7,1
2020-04-16,16,AC,110,5,NA,881935,NA,9,2
2020-04-16,16,AM,1719,124,NA,4144597,NA,165,18
2020-04-16,16,RR,142,3,NA,605761,NA,28,0
2020-04-16,16,PA,438,24,NA,8602865,NA,54,3
2020-04-16,16,AP,362,9,NA,845731,NA,28,2
2020-04-16,16,TO,29,1,NA,1572866,NA,3,0
2020-04-16,16,MG,958,33,NA,21168791,NA,55,3
2020-04-16,16,ES,754,22,NA,4018650,NA,197,4
2020-04-16,16,RJ,3944,300,NA,17264943,NA,201,35
2020-04-16,16,SP,11568,853,NA,45919049,NA,525,75
2020-04-16,16,PR,832,41,NA,11433957,NA,29,3
2020-04-16,16,SC,884,29,NA,7164788,NA,31,1
2020-04-16,16,RS,780,19,NA,11377239,NA,33,0
2020-04-17,16,MS,143,5,NA,2778986,NA,12,0
2020-04-17,16,MT,162,5,NA,3484466,NA,6,0
2020-04-17,16,GO,335,16,NA,7018354,NA,17,0
2020-04-17,16,DF,746,20,NA,3015268,NA,30,0
2020-04-17,16,MA,797,40,NA,7075181,NA,102,3
2020-04-17,16,PI,102,8,NA,3273227,NA,11,0
2020-04-17,16,CE,2684,149,NA,9132078,NA,298,25
2020-04-17,16,RN,463,23,NA,3506853,NA,63,3
2020-04-17,16,PB,195,26,NA,4018127,NA,30,2
2020-04-17,16,PE,2006,186,NA,9557071,NA,323,26
2020-04-17,16,AL,110,7,NA,3337357,NA,21,2
2020-04-17,16,SE,53,4,NA,2298696,NA,5,0
2020-04-17,16,BA,1059,36,NA,14873064,NA,108,6
2020-04-17,16,RO,92,3,NA,1777225,NA,16,0
2020-04-17,16,AC,135,5,NA,881935,NA,25,0
2020-04-17,16,AM,1809,145,NA,4144597,NA,90,21
2020-04-17,16,RR,164,3,NA,605761,NA,22,0
2020-04-17,16,PA,557,26,NA,8602865,NA,119,2
2020-04-17,16,AP,370,10,NA,845731,NA,8,1
2020-04-17,16,TO,31,1,NA,1572866,NA,2,0
2020-04-17,16,MG,1021,35,NA,21168791,NA,63,2
2020-04-17,16,ES,856,25,NA,4018650,NA,102,3
2020-04-17,16,RJ,4349,341,NA,17264943,NA,405,41
2020-04-17,16,SP,12841,928,NA,45919049,NA,1273,75
2020-04-17,16,PR,874,42,NA,11433957,NA,42,1
2020-04-17,16,SC,926,30,NA,7164788,NA,42,1
2020-04-17,16,RS,802,22,NA,11377239,NA,22,3
2020-04-18,16,MS,161,5,NA,2778986,NA,18,0
2020-04-18,16,MT,171,5,NA,3484466,NA,9,0
2020-04-18,16,GO,378,18,NA,7018354,NA,43,2
2020-04-18,16,DF,762,24,NA,3015268,NA,16,4
2020-04-18,16,MA,1040,44,NA,7075181,NA,243,4
2020-04-18,16,PI,123,9,NA,3273227,NA,21,1
2020-04-18,16,CE,3034,176,NA,9132078,NA,350,27
2020-04-18,16,RN,516,24,NA,3506853,NA,53,1
2020-04-18,16,PB,205,26,NA,4018127,NA,10,0
2020-04-18,16,PE,2193,205,NA,9557071,NA,187,19
2020-04-18,16,AL,132,7,NA,3337357,NA,22,0
2020-04-18,16,SE,71,5,NA,2298696,NA,18,1
2020-04-18,16,BA,1193,37,NA,14873064,NA,134,1
2020-04-18,16,RO,110,3,NA,1777225,NA,18,0
2020-04-18,16,AC,142,5,NA,881935,NA,7,0
2020-04-18,16,AM,1897,161,NA,4144597,NA,88,16
2020-04-18,16,RR,201,3,NA,605761,NA,37,0
2020-04-18,16,PA,640,33,NA,8602865,NA,83,7
2020-04-18,16,AP,393,10,NA,845731,NA,23,0
2020-04-18,16,TO,33,1,NA,1572866,NA,2,0
2020-04-18,16,MG,1077,39,NA,21168791,NA,56,4
2020-04-18,16,ES,952,28,NA,4018650,NA,96,3
2020-04-18,16,RJ,4543,387,NA,17264943,NA,194,46
2020-04-18,16,SP,13894,991,NA,45919049,NA,1053,63
2020-04-18,16,PR,945,46,NA,11433957,NA,71,4
2020-04-18,16,SC,962,31,NA,7164788,NA,36,1
2020-04-18,16,RS,831,24,NA,11377239,NA,29,2
2020-04-19,17,MS,168,5,NA,2778986,NA,7,0
2020-04-19,17,MT,174,5,NA,3484466,NA,3,0
2020-04-19,17,GO,393,18,NA,7018354,NA,15,0
2020-04-19,17,DF,827,24,NA,3015268,NA,65,0
2020-04-19,17,MA,1205,48,NA,7075181,NA,165,4
2020-04-19,17,PI,145,10,NA,3273227,NA,22,1
2020-04-19,17,CE,3252,186,NA,9132078,NA,218,10
2020-04-19,17,RN,531,25,NA,3506853,NA,15,1
2020-04-19,17,PB,236,29,NA,4018127,NA,31,3
2020-04-19,17,PE,2459,216,NA,9557071,NA,266,11
2020-04-19,17,AL,159,15,NA,3337357,NA,27,8
2020-04-19,17,SE,83,5,NA,2298696,NA,12,0
2020-04-19,17,BA,1230,45,NA,14873064,NA,37,8
2020-04-19,17,RO,128,4,NA,1777225,NA,18,1
2020-04-19,17,AC,163,6,NA,881935,NA,21,1
2020-04-19,17,AM,2044,182,NA,4144597,NA,147,21
2020-04-19,17,RR,222,3,NA,605761,NA,21,0
2020-04-19,17,PA,685,34,NA,8602865,NA,45,1
2020-04-19,17,AP,416,11,NA,845731,NA,23,1
2020-04-19,17,TO,33,1,NA,1572866,NA,0,0
2020-04-19,17,MG,1154,39,NA,21168791,NA,77,0
2020-04-19,17,ES,1099,30,NA,4018650,NA,147,2
2020-04-19,17,RJ,4765,402,NA,17264943,NA,222,15
2020-04-19,17,SP,14267,1015,NA,45919049,NA,373,24
2020-04-19,17,PR,987,48,NA,11433957,NA,42,2
2020-04-19,17,SC,975,32,NA,7164788,NA,13,1
2020-04-19,17,RS,854,24,NA,11377239,NA,23,0
2020-04-20,17,MS,171,5,NA,2778986,NA,3,0
2020-04-20,17,MT,181,6,NA,3484466,NA,7,1
2020-04-20,17,GO,403,19,NA,7018354,NA,10,1
2020-04-20,17,DF,872,24,NA,3015268,NA,45,0
2020-04-20,17,MA,1320,54,NA,7075181,NA,115,6
2020-04-20,17,PI,158,12,NA,3273227,NA,13,2
2020-04-20,17,CE,3482,198,NA,9132078,NA,230,12
2020-04-20,17,RN,595,27,NA,3506853,NA,64,2
2020-04-20,17,PB,245,32,NA,4018127,NA,9,3
2020-04-20,17,PE,2690,234,NA,9557071,NA,231,18
2020-04-20,17,AL,171,18,NA,3337357,NA,12,3
2020-04-20,17,SE,86,5,NA,2298696,NA,3,0
2020-04-20,17,BA,1341,46,NA,14873064,NA,111,1
2020-04-20,17,RO,160,4,NA,1777225,NA,32,0
2020-04-20,17,AC,176,8,NA,881935,NA,13,2
2020-04-20,17,AM,2160,185,NA,4144597,NA,116,3
2020-04-20,17,RR,244,3,NA,605761,NA,22,0
2020-04-20,17,PA,902,35,NA,8602865,NA,217,1
2020-04-20,17,AP,433,13,NA,845731,NA,17,2
2020-04-20,17,TO,34,1,NA,1572866,NA,1,0
2020-04-20,17,MG,1189,41,NA,21168791,NA,35,2
2020-04-20,17,ES,1168,33,NA,4018650,NA,69,3
2020-04-20,17,RJ,4899,422,NA,17264943,NA,134,20
2020-04-20,17,SP,14580,1037,NA,45919049,NA,313,22
2020-04-20,17,PR,1007,51,NA,11433957,NA,20,3
2020-04-20,17,SC,1025,35,NA,7164788,NA,50,3
2020-04-20,17,RS,889,27,NA,11377239,NA,35,3
2020-04-21,17,MS,173,6,NA,2778986,NA,2,1
2020-04-21,17,MT,181,6,NA,3484466,NA,0,0
2020-04-21,17,GO,421,19,NA,7018354,NA,18,0
2020-04-21,17,DF,881,24,NA,3015268,NA,9,0
2020-04-21,17,MA,1396,60,NA,7075181,NA,76,6
2020-04-21,17,PI,186,14,NA,3273227,NA,28,2
2020-04-21,17,CE,3716,215,NA,9132078,NA,234,17
2020-04-21,17,RN,608,28,NA,3506853,NA,13,1
2020-04-21,17,PB,263,33,NA,4018127,NA,18,1
2020-04-21,17,PE,2908,260,NA,9557071,NA,218,26
2020-04-21,17,AL,210,19,NA,3337357,NA,39,1
2020-04-21,17,SE,92,5,NA,2298696,NA,6,0
2020-04-21,17,BA,1489,47,NA,14873064,NA,148,1
2020-04-21,17,RO,199,4,NA,1777225,NA,39,0
2020-04-21,17,AC,195,8,NA,881935,NA,19,0
2020-04-21,17,AM,2270,193,NA,4144597,NA,110,8
2020-04-21,17,RR,247,3,NA,605761,NA,3,0
2020-04-21,17,PA,1026,38,NA,8602865,NA,124,3
2020-04-21,17,AP,457,13,NA,845731,NA,24,0
2020-04-21,17,TO,37,1,NA,1572866,NA,3,0
2020-04-21,17,MG,1230,44,NA,21168791,NA,41,3
2020-04-21,17,ES,1212,34,NA,4018650,NA,44,1
2020-04-21,17,RJ,5306,461,NA,17264943,NA,407,39
2020-04-21,17,SP,15385,1093,NA,45919049,NA,805,56
2020-04-21,17,PR,1024,51,NA,11433957,NA,17,0
2020-04-21,17,SC,1063,35,NA,7164788,NA,38,0
2020-04-21,17,RS,904,27,NA,11377239,NA,15,0
2020-04-22,17,MS,175,6,NA,2778986,NA,2,0
2020-04-22,17,MT,183,6,NA,3484466,NA,2,0
2020-04-22,17,GO,438,21,NA,7018354,NA,17,2
2020-04-22,17,DF,946,25,NA,3015268,NA,65,1
2020-04-22,17,MA,1604,66,NA,7075181,NA,208,6
2020-04-22,17,PI,206,15,NA,3273227,NA,20,1
2020-04-22,17,CE,3910,233,NA,9132078,NA,194,18
2020-04-22,17,RN,646,29,NA,3506853,NA,38,1
2020-04-22,17,PB,301,39,NA,4018127,NA,38,6
2020-04-22,17,PE,3298,282,NA,9557071,NA,390,22
2020-04-22,17,AL,243,20,NA,3337357,NA,33,1
2020-04-22,17,SE,117,7,NA,2298696,NA,25,2
2020-04-22,17,BA,1644,50,NA,14873064,NA,155,3
2020-04-22,17,RO,223,5,NA,1777225,NA,24,1
2020-04-22,17,AC,214,8,NA,881935,NA,19,0
2020-04-22,17,AM,2479,207,NA,4144597,NA,209,14
2020-04-22,17,RR,280,3,NA,605761,NA,33,0
2020-04-22,17,PA,1195,43,NA,8602865,NA,169,5
2020-04-22,17,AP,479,14,NA,845731,NA,22,1
2020-04-22,17,TO,37,1,NA,1572866,NA,0,0
2020-04-22,17,MG,1283,47,NA,21168791,NA,53,3
2020-04-22,17,ES,1313,34,NA,4018650,NA,101,0
2020-04-22,17,RJ,5552,490,NA,17264943,NA,246,29
2020-04-22,17,SP,15914,1134,NA,45919049,NA,529,41
2020-04-22,17,PR,1063,57,NA,11433957,NA,39,6
2020-04-22,17,SC,1091,37,NA,7164788,NA,28,2
2020-04-22,17,RS,923,27,NA,11377239,NA,19,0
2020-04-23,17,MS,186,7,NA,2778986,NA,11,1
2020-04-23,17,MT,221,7,NA,3484466,NA,38,1
2020-04-23,17,GO,453,23,NA,7018354,NA,15,2
2020-04-23,17,DF,963,25,NA,3015268,NA,17,0
2020-04-23,17,MA,1757,76,NA,7075181,NA,153,10
2020-04-23,17,PI,217,15,NA,3273227,NA,11,0
2020-04-23,17,CE,4598,266,NA,9132078,NA,688,33
2020-04-23,17,RN,708,34,NA,3506853,NA,62,5
2020-04-23,17,PB,345,40,NA,4018127,NA,44,1
2020-04-23,17,PE,3519,312,NA,9557071,NA,221,30
2020-04-23,17,AL,324,22,NA,3337357,NA,81,2
2020-04-23,17,SE,124,8,NA,2298696,NA,7,1
2020-04-23,17,BA,1789,59,NA,14873064,NA,145,9
2020-04-23,17,RO,250,5,NA,1777225,NA,27,0
2020-04-23,17,AC,227,10,NA,881935,NA,13,2
2020-04-23,17,AM,2888,234,NA,4144597,NA,409,27
2020-04-23,17,RR,297,3,NA,605761,NA,17,0
2020-04-23,17,PA,1267,53,NA,8602865,NA,72,10
2020-04-23,17,AP,548,16,NA,845731,NA,69,2
2020-04-23,17,TO,37,2,NA,1572866,NA,0,1
2020-04-23,17,MG,1308,51,NA,21168791,NA,25,4
2020-04-23,17,ES,1363,42,NA,4018650,NA,50,8
2020-04-23,17,RJ,6172,530,NA,17264943,NA,620,40
2020-04-23,17,SP,16740,1345,NA,45919049,NA,826,211
2020-04-23,17,PR,1082,60,NA,11433957,NA,19,3
2020-04-23,17,SC,1115,39,NA,7164788,NA,24,2
2020-04-23,17,RS,994,29,NA,11377239,NA,71,2
2020-04-24,17,MS,213,7,NA,2778986,NA,27,0
2020-04-24,17,MT,240,8,NA,3484466,NA,19,1
2020-04-24,17,GO,486,24,NA,7018354,NA,33,1
2020-04-24,17,DF,989,26,NA,3015268,NA,26,1
2020-04-24,17,MA,1951,88,NA,7075181,NA,194,12
2020-04-24,17,PI,256,16,NA,3273227,NA,39,1
2020-04-24,17,CE,4800,284,NA,9132078,NA,202,18
2020-04-24,17,RN,754,38,NA,3506853,NA,46,4
2020-04-24,17,PB,386,44,NA,4018127,NA,41,4
2020-04-24,17,PE,3999,352,NA,9557071,NA,480,40
2020-04-24,17,AL,413,27,NA,3337357,NA,89,5
2020-04-24,17,SE,144,8,NA,2298696,NA,20,0
2020-04-24,17,BA,1962,64,NA,14873064,NA,173,5
2020-04-24,17,RO,290,5,NA,1777225,NA,40,0
2020-04-24,17,AC,234,11,NA,881935,NA,7,1
2020-04-24,17,AM,3194,255,NA,4144597,NA,306,21
2020-04-24,17,RR,304,3,NA,605761,NA,7,0
2020-04-24,17,PA,1446,75,NA,8602865,NA,179,22
2020-04-24,17,AP,633,18,NA,845731,NA,85,2
2020-04-24,17,TO,43,2,NA,1572866,NA,6,0
2020-04-24,17,MG,1419,54,NA,21168791,NA,111,3
2020-04-24,17,ES,1381,42,NA,4018650,NA,18,0
2020-04-24,17,RJ,6282,570,NA,17264943,NA,110,40
2020-04-24,17,SP,17826,1512,NA,45919049,NA,1086,167
2020-04-24,17,PR,1119,64,NA,11433957,NA,37,4
2020-04-24,17,SC,1170,42,NA,7164788,NA,55,3
2020-04-24,17,RS,1061,31,NA,11377239,NA,67,2
2020-04-25,17,MS,217,7,NA,2778986,NA,4,0
2020-04-25,17,MT,247,9,NA,3484466,NA,7,1
2020-04-25,17,GO,506,25,NA,7018354,NA,20,1
2020-04-25,17,DF,1013,26,NA,3015268,NA,24,0
2020-04-25,17,MA,2105,100,NA,7075181,NA,154,12
2020-04-25,17,PI,297,17,NA,3273227,NA,41,1
2020-04-25,17,CE,5421,310,NA,9132078,NA,621,26
2020-04-25,17,RN,781,40,NA,3506853,NA,27,2
2020-04-25,17,PB,447,46,NA,4018127,NA,61,2
2020-04-25,17,PE,4507,381,NA,9557071,NA,508,29
2020-04-25,17,AL,501,29,NA,3337357,NA,88,2
2020-04-25,17,SE,153,9,NA,2298696,NA,9,1
2020-04-25,17,BA,2081,70,NA,14873064,NA,119,6
2020-04-25,17,RO,328,7,NA,1777225,NA,38,2
2020-04-25,17,AC,258,11,NA,881935,NA,24,0
2020-04-25,17,AM,3635,287,NA,4144597,NA,441,32
2020-04-25,17,RR,345,3,NA,605761,NA,41,0
2020-04-25,17,PA,1579,86,NA,8602865,NA,133,11
2020-04-25,17,AP,685,19,NA,845731,NA,52,1
2020-04-25,17,TO,50,2,NA,1572866,NA,7,0
2020-04-25,17,MG,1481,58,NA,21168791,NA,62,4
2020-04-25,17,ES,1595,47,NA,4018650,NA,214,5
2020-04-25,17,RJ,6828,615,NA,17264943,NA,546,45
2020-04-25,17,SP,20004,1667,NA,45919049,NA,2178,155
2020-04-25,17,PR,1140,69,NA,11433957,NA,21,5
2020-04-25,17,SC,1209,42,NA,7164788,NA,39,0
2020-04-25,17,RS,1096,34,NA,11377239,NA,35,3
2020-04-26,18,MS,234,7,NA,2778986,NA,17,0
2020-04-26,18,MT,250,9,NA,3484466,NA,3,0
2020-04-26,18,GO,573,25,NA,7018354,NA,67,0
2020-04-26,18,DF,1066,27,NA,3015268,NA,53,1
2020-04-26,18,MA,2223,112,NA,7075181,NA,118,12
2020-04-26,18,PI,331,18,NA,3273227,NA,34,1
2020-04-26,18,CE,5833,327,NA,9132078,NA,412,17
2020-04-26,18,RN,825,44,NA,3506853,NA,44,4
2020-04-26,18,PB,499,49,NA,4018127,NA,52,3
2020-04-26,18,PE,4898,415,NA,9557071,NA,391,34
2020-04-26,18,AL,554,32,NA,3337357,NA,53,3
2020-04-26,18,SE,159,9,NA,2298696,NA,6,0
2020-04-26,18,BA,2209,73,NA,14873064,NA,128,3
2020-04-26,18,RO,364,10,NA,1777225,NA,36,3
2020-04-26,18,AC,279,11,NA,881935,NA,21,0
2020-04-26,18,AM,3833,304,NA,4144597,NA,198,17
2020-04-26,18,RR,401,4,NA,605761,NA,56,1
2020-04-26,18,PA,1867,100,NA,8602865,NA,288,14
2020-04-26,18,AP,798,21,NA,845731,NA,113,2
2020-04-26,18,TO,58,2,NA,1572866,NA,8,0
2020-04-26,18,MG,1548,61,NA,21168791,NA,67,3
2020-04-26,18,ES,1703,51,NA,4018650,NA,108,4
2020-04-26,18,RJ,7111,645,NA,17264943,NA,283,30
2020-04-26,18,SP,20715,1700,NA,45919049,NA,711,33
2020-04-26,18,PR,1156,72,NA,11433957,NA,16,3
2020-04-26,18,SC,1235,42,NA,7164788,NA,26,0
2020-04-26,18,RS,1166,35,NA,11377239,NA,70,1
2020-04-27,18,MS,238,9,NA,2778986,NA,4,2
2020-04-27,18,MT,257,10,NA,3484466,NA,7,1
2020-04-27,18,GO,616,26,NA,7018354,NA,43,1
2020-04-27,18,DF,1146,27,NA,3015268,NA,80,0
2020-04-27,18,MA,2410,125,NA,7075181,NA,187,13
2020-04-27,18,PI,364,20,NA,3273227,NA,33,2
2020-04-27,18,CE,6726,390,NA,9132078,NA,893,63
2020-04-27,18,RN,832,45,NA,3506853,NA,7,1
2020-04-27,18,PB,543,50,NA,4018127,NA,44,1
2020-04-27,18,PE,5358,450,NA,9557071,NA,460,35
2020-04-27,18,AL,643,34,NA,3337357,NA,89,2
2020-04-27,18,SE,197,10,NA,2298696,NA,38,1
2020-04-27,18,BA,2354,76,NA,14873064,NA,145,3
2020-04-27,18,RO,393,10,NA,1777225,NA,29,0
2020-04-27,18,AC,279,14,NA,881935,NA,0,3
2020-04-27,18,AM,3928,320,NA,4144597,NA,95,16
2020-04-27,18,RR,407,4,NA,605761,NA,6,0
2020-04-27,18,PA,2128,114,NA,8602865,NA,261,14
2020-04-27,18,AP,842,26,NA,845731,NA,44,5
2020-04-27,18,TO,67,2,NA,1572866,NA,9,0
2020-04-27,18,MG,1586,62,NA,21168791,NA,38,1
2020-04-27,18,ES,1796,57,NA,4018650,NA,93,6
2020-04-27,18,RJ,7944,677,NA,17264943,NA,833,32
2020-04-27,18,SP,21696,1825,NA,45919049,NA,981,125
2020-04-27,18,PR,1186,75,NA,11433957,NA,30,3
2020-04-27,18,SC,1337,43,NA,7164788,NA,102,1
2020-04-27,18,RS,1228,42,NA,11377239,NA,62,7
2020-04-28,18,MS,240,9,NA,2778986,NA,2,0
2020-04-28,18,MT,261,11,NA,3484466,NA,4,1
2020-04-28,18,GO,661,27,NA,7018354,NA,45,1
2020-04-28,18,DF,1213,28,NA,3015268,NA,67,1
2020-04-28,18,MA,2528,145,NA,7075181,NA,118,20
2020-04-28,18,PI,408,21,NA,3273227,NA,44,1
2020-04-28,18,CE,6918,403,NA,9132078,NA,192,13
2020-04-28,18,RN,857,48,NA,3506853,NA,25,3
2020-04-28,18,PB,633,53,NA,4018127,NA,90,3
2020-04-28,18,PE,5724,508,NA,9557071,NA,366,58
2020-04-28,18,AL,777,36,NA,3337357,NA,134,2
2020-04-28,18,SE,280,11,NA,2298696,NA,83,1
2020-04-28,18,BA,2540,86,NA,14873064,NA,186,10
2020-04-28,18,RO,413,11,NA,1777225,NA,20,1
2020-04-28,18,AC,311,16,NA,881935,NA,32,2
2020-04-28,18,AM,4337,351,NA,4144597,NA,409,31
2020-04-28,18,RR,425,6,NA,605761,NA,18,2
2020-04-28,18,PA,2262,129,NA,8602865,NA,134,15
2020-04-28,18,AP,918,28,NA,845731,NA,76,2
2020-04-28,18,TO,79,2,NA,1572866,NA,12,0
2020-04-28,18,MG,1649,71,NA,21168791,NA,63,9
2020-04-28,18,ES,1874,64,NA,4018650,NA,78,7
2020-04-28,18,RJ,8504,738,NA,17264943,NA,560,61
2020-04-28,18,SP,24041,2049,NA,45919049,NA,2345,224
2020-04-28,18,PR,1271,77,NA,11433957,NA,85,2
2020-04-28,18,SC,1476,44,NA,7164788,NA,139,1
2020-04-28,18,RS,1286,45,NA,11377239,NA,58,3
2020-04-29,18,MS,249,9,NA,2778986,NA,9,0
2020-04-29,18,MT,292,11,NA,3484466,NA,31,0
2020-04-29,18,GO,705,27,NA,7018354,NA,44,0
2020-04-29,18,DF,1275,28,NA,3015268,NA,62,0
2020-04-29,18,MA,2804,166,NA,7075181,NA,276,21
2020-04-29,18,PI,454,24,NA,3273227,NA,46,3
2020-04-29,18,CE,7267,441,NA,9132078,NA,349,38
2020-04-29,18,RN,1086,53,NA,3506853,NA,229,5
2020-04-29,18,PB,699,58,NA,4018127,NA,66,5
2020-04-29,18,PE,6194,538,NA,9557071,NA,470,30
2020-04-29,18,AL,957,41,NA,3337357,NA,180,5
2020-04-29,18,SE,337,12,NA,2298696,NA,57,1
2020-04-29,18,BA,2646,96,NA,14873064,NA,106,10
2020-04-29,18,RO,433,15,NA,1777225,NA,20,4
2020-04-29,18,AC,354,17,NA,881935,NA,43,1
2020-04-29,18,AM,4801,380,NA,4144597,NA,464,29
2020-04-29,18,RR,452,6,NA,605761,NA,27,0
2020-04-29,18,PA,2422,137,NA,8602865,NA,160,8
2020-04-29,18,AP,1016,31,NA,845731,NA,98,3
2020-04-29,18,TO,116,3,NA,1572866,NA,37,1
2020-04-29,18,MG,1758,80,NA,21168791,NA,109,9
2020-04-29,18,ES,2107,76,NA,4018650,NA,233,12
2020-04-29,18,RJ,8869,794,NA,17264943,NA,365,56
2020-04-29,18,SP,26158,2247,NA,45919049,NA,2117,198
2020-04-29,18,PR,1348,82,NA,11433957,NA,77,5
2020-04-29,18,SC,1995,44,NA,7164788,NA,519,0
2020-04-29,18,RS,1368,50,NA,11377239,NA,82,5
2020-04-30,18,MS,255,9,NA,2778986,NA,6,0
2020-04-30,18,MT,297,11,NA,3484466,NA,5,0
2020-04-30,18,GO,781,29,NA,7018354,NA,76,2
2020-04-30,18,DF,1356,30,NA,3015268,NA,81,2
2020-04-30,18,MA,3190,184,NA,7075181,NA,386,18
2020-04-30,18,PI,513,24,NA,3273227,NA,59,0
2020-04-30,18,CE,7606,482,NA,9132078,NA,339,41
2020-04-30,18,RN,1177,56,NA,3506853,NA,91,3
2020-04-30,18,PB,814,62,NA,4018127,NA,115,4
2020-04-30,18,PE,6876,565,NA,9557071,NA,682,27
2020-04-30,18,AL,1044,47,NA,3337357,NA,87,6
2020-04-30,18,SE,447,12,NA,2298696,NA,110,0
2020-04-30,18,BA,2851,104,NA,14873064,NA,205,8
2020-04-30,18,RO,502,16,NA,1777225,NA,69,1
2020-04-30,18,AC,404,19,NA,881935,NA,50,2
2020-04-30,18,AM,5254,425,NA,4144597,NA,453,45
2020-04-30,18,RR,519,7,NA,605761,NA,67,1
2020-04-30,18,PA,2876,208,NA,8602865,NA,454,71
2020-04-30,18,AP,1080,34,NA,845731,NA,64,3
2020-04-30,18,TO,137,3,NA,1572866,NA,21,0
2020-04-30,18,MG,1827,82,NA,21168791,NA,69,2
2020-04-30,18,ES,2465,83,NA,4018650,NA,358,7
2020-04-30,18,RJ,9453,854,NA,17264943,NA,584,60
2020-04-30,18,SP,28698,2375,NA,45919049,NA,2540,128
2020-04-30,18,PR,1407,83,NA,11433957,NA,59,1
2020-04-30,18,SC,2085,46,NA,7164788,NA,90,2
2020-04-30,18,RS,1466,51,NA,11377239,NA,98,1
2020-05-01,18,MS,261,9,NA,2778986,NA,6,0
2020-05-01,18,MT,320,11,NA,3484466,NA,23,0
2020-05-01,18,GO,808,29,NA,7018354,NA,27,0
2020-05-01,18,DF,1466,30,NA,3015268,NA,110,0
2020-05-01,18,MA,3506,204,NA,7075181,NA,316,20
2020-05-01,18,PI,600,24,NA,3273227,NA,87,0
2020-05-01,18,CE,7879,505,NA,9132078,NA,273,23
2020-05-01,18,RN,1297,56,NA,3506853,NA,120,0
2020-05-01,18,PB,926,67,NA,4018127,NA,112,5
2020-05-01,18,PE,7334,603,NA,9557071,NA,458,38
2020-05-01,18,AL,1226,53,NA,3337357,NA,182,6
2020-05-01,18,SE,517,14,NA,2298696,NA,70,2
2020-05-01,18,BA,3085,117,NA,14873064,NA,234,13
2020-05-01,18,RO,585,18,NA,1777225,NA,83,2
2020-05-01,18,AC,486,19,NA,881935,NA,82,0
2020-05-01,18,AM,5723,476,NA,4144597,NA,469,51
2020-05-01,18,RR,602,8,NA,605761,NA,83,1
2020-05-01,18,PA,3176,235,NA,8602865,NA,300,27
2020-05-01,18,AP,1121,37,NA,845731,NA,41,3
2020-05-01,18,TO,164,3,NA,1572866,NA,27,0
2020-05-01,18,MG,1935,88,NA,21168791,NA,108,6
2020-05-01,18,ES,2662,96,NA,4018650,NA,197,13
2020-05-01,18,RJ,10166,921,NA,17264943,NA,713,67
2020-05-01,18,SP,30374,2511,NA,45919049,NA,1676,136
2020-05-01,18,PR,1447,89,NA,11433957,NA,40,6
2020-05-01,18,SC,2104,48,NA,7164788,NA,19,2
2020-05-01,18,RS,1529,58,NA,11377239,NA,63,7
2020-05-02,18,MS,266,9,NA,2778986,NA,5,0
2020-05-02,18,MT,331,12,NA,3484466,NA,11,1
2020-05-02,18,GO,825,30,NA,7018354,NA,17,1
2020-05-02,18,DF,1566,31,NA,3015268,NA,100,1
2020-05-02,18,MA,3805,224,NA,7075181,NA,299,20
2020-05-02,18,PI,665,26,NA,3273227,NA,65,2
2020-05-02,18,CE,8231,614,NA,9132078,NA,352,109
2020-05-02,18,RN,1366,59,NA,3506853,NA,69,3
2020-05-02,18,PB,1034,74,NA,4018127,NA,108,7
2020-05-02,18,PE,8145,628,NA,9557071,NA,811,25
2020-05-02,18,AL,1372,58,NA,3337357,NA,146,5
2020-05-02,18,SE,601,14,NA,2298696,NA,84,0
2020-05-02,18,BA,3267,123,NA,14873064,NA,182,6
2020-05-02,18,RO,653,23,NA,1777225,NA,68,5
2020-05-02,18,AC,553,21,NA,881935,NA,67,2
2020-05-02,18,AM,6062,501,NA,4144597,NA,339,25
2020-05-02,18,RR,668,9,NA,605761,NA,66,1
2020-05-02,18,PA,3460,273,NA,8602865,NA,284,38
2020-05-02,18,AP,1187,40,NA,845731,NA,66,3
2020-05-02,18,TO,191,4,NA,1572866,NA,27,1
2020-05-02,18,MG,2023,88,NA,21168791,NA,88,0
2020-05-02,18,ES,2948,102,NA,4018650,NA,286,6
2020-05-02,18,RJ,10546,971,NA,17264943,NA,380,50
2020-05-02,18,SP,31174,2586,NA,45919049,NA,800,75
2020-05-02,18,PR,1492,90,NA,11433957,NA,45,1
2020-05-02,18,SC,2346,52,NA,7164788,NA,242,4
2020-05-02,18,RS,1619,62,NA,11377239,NA,90,4
2020-05-03,19,MS,272,10,NA,2778986,NA,6,1
2020-05-03,19,MT,337,12,NA,3484466,NA,6,0
2020-05-03,19,GO,850,30,NA,7018354,NA,25,0
2020-05-03,19,DF,1649,33,NA,3015268,NA,83,2
2020-05-03,19,MA,4040,237,NA,7075181,NA,235,13
2020-05-03,19,PI,742,28,NA,3273227,NA,77,2
2020-05-03,19,CE,8370,663,NA,9132078,NA,139,49
2020-05-03,19,RN,1392,61,NA,3506853,NA,26,2
2020-05-03,19,PB,1169,76,NA,4018127,NA,135,2
2020-05-03,19,PE,8643,652,NA,9557071,NA,498,24
2020-05-03,19,AL,1441,64,NA,3337357,NA,69,6
2020-05-03,19,SE,730,14,NA,2298696,NA,129,0
2020-05-03,19,BA,3495,123,NA,14873064,NA,228,0
2020-05-03,19,RO,705,24,NA,1777225,NA,52,1
2020-05-03,19,AC,657,24,NA,881935,NA,104,3
2020-05-03,19,AM,6683,548,NA,4144597,NA,621,47
2020-05-03,19,RR,740,11,NA,605761,NA,72,2
2020-05-03,19,PA,3863,309,NA,8602865,NA,403,36
2020-05-03,19,AP,1482,43,NA,845731,NA,295,3
2020-05-03,19,TO,246,4,NA,1572866,NA,55,0
2020-05-03,19,MG,2118,89,NA,21168791,NA,95,1
2020-05-03,19,ES,3086,114,NA,4018650,NA,138,12
2020-05-03,19,RJ,11139,1019,NA,17264943,NA,593,48
2020-05-03,19,SP,31772,2627,NA,45919049,NA,598,41
2020-05-03,19,PR,1514,93,NA,11433957,NA,22,3
2020-05-03,19,SC,2346,52,NA,7164788,NA,0,0
2020-05-03,19,RS,1666,65,NA,11377239,NA,47,3
2020-05-04,19,MS,274,10,NA,2778986,NA,2,0
2020-05-04,19,MT,344,13,NA,3484466,NA,7,1
2020-05-04,19,GO,861,30,NA,7018354,NA,11,0
2020-05-04,19,DF,1768,33,NA,3015268,NA,119,0
2020-05-04,19,MA,4227,249,NA,7075181,NA,187,12
2020-05-04,19,PI,784,28,NA,3273227,NA,42,0
2020-05-04,19,CE,11040,712,NA,9132078,NA,2670,49
2020-05-04,19,RN,1421,62,NA,3506853,NA,29,1
2020-05-04,19,PB,1219,79,NA,4018127,NA,50,3
2020-05-04,19,PE,8863,691,NA,9557071,NA,220,39
2020-05-04,19,AL,1538,72,NA,3337357,NA,97,8
2020-05-04,19,SE,772,17,NA,2298696,NA,42,3
2020-05-04,19,BA,3734,141,NA,14873064,NA,239,18
2020-05-04,19,RO,756,25,NA,1777225,NA,51,1
2020-05-04,19,AC,733,28,NA,881935,NA,76,4
2020-05-04,19,AM,7242,584,NA,4144597,NA,559,36
2020-05-04,19,RR,806,11,NA,605761,NA,66,0
2020-05-04,19,PA,4125,330,NA,8602865,NA,262,21
2020-05-04,19,AP,1733,49,NA,845731,NA,251,6
2020-05-04,19,TO,267,6,NA,1572866,NA,21,2
2020-05-04,19,MG,2347,90,NA,21168791,NA,229,1
2020-05-04,19,ES,3226,122,NA,4018650,NA,140,8
2020-05-04,19,RJ,11721,1065,NA,17264943,NA,582,46
2020-05-04,19,SP,32187,2654,NA,45919049,NA,415,27
2020-05-04,19,PR,1562,94,NA,11433957,NA,48,1
2020-05-04,19,SC,2519,52,NA,7164788,NA,173,0
2020-05-04,19,RS,1711,74,NA,11377239,NA,45,9
2020-05-05,19,MS,283,10,NA,2778986,NA,9,0
2020-05-05,19,MT,365,13,NA,3484466,NA,21,0
2020-05-05,19,GO,922,38,NA,7018354,NA,61,8
2020-05-05,19,DF,1818,33,NA,3015268,NA,50,0
2020-05-05,19,MA,4530,271,NA,7075181,NA,303,22
2020-05-05,19,PI,875,29,NA,3273227,NA,91,1
2020-05-05,19,CE,11470,795,NA,9132078,NA,430,83
2020-05-05,19,RN,1536,68,NA,3506853,NA,115,6
2020-05-05,19,PB,1361,85,NA,4018127,NA,142,6
2020-05-05,19,PE,9325,749,NA,9557071,NA,462,58
2020-05-05,19,AL,1606,80,NA,3337357,NA,68,8
2020-05-05,19,SE,898,21,NA,2298696,NA,126,4
2020-05-05,19,BA,4040,146,NA,14873064,NA,306,5
2020-05-05,19,RO,861,29,NA,1777225,NA,105,4
2020-05-05,19,AC,817,29,NA,881935,NA,84,1
2020-05-05,19,AM,8109,649,NA,4144597,NA,867,65
2020-05-05,19,RR,869,11,NA,605761,NA,63,0
2020-05-05,19,PA,4472,369,NA,8602865,NA,347,39
2020-05-05,19,AP,1931,55,NA,845731,NA,198,6
2020-05-05,19,TO,303,7,NA,1572866,NA,36,1
2020-05-05,19,MG,2452,94,NA,21168791,NA,105,4
2020-05-05,19,ES,3402,133,NA,4018650,NA,176,11
2020-05-05,19,RJ,12391,1123,NA,17264943,NA,670,58
2020-05-05,19,SP,34053,2851,NA,45919049,NA,1866,197
2020-05-05,19,PR,1588,99,NA,11433957,NA,26,5
2020-05-05,19,SC,2623,55,NA,7164788,NA,104,3
2020-05-05,19,RS,1815,79,NA,11377239,NA,104,5
2020-05-06,19,MS,288,10,NA,2778986,NA,5,0
2020-05-06,19,MT,379,13,NA,3484466,NA,14,0
2020-05-06,19,GO,1024,44,NA,7018354,NA,102,6
2020-05-06,19,DF,1906,34,NA,3015268,NA,88,1
2020-05-06,19,MA,5028,291,NA,7075181,NA,498,20
2020-05-06,19,PI,949,30,NA,3273227,NA,74,1
2020-05-06,19,CE,12304,848,NA,9132078,NA,834,53
2020-05-06,19,RN,1574,72,NA,3506853,NA,38,4
2020-05-06,19,PB,1493,92,NA,4018127,NA,132,7
2020-05-06,19,PE,9881,803,NA,9557071,NA,556,54
2020-05-06,19,AL,1703,89,NA,3337357,NA,97,9
2020-05-06,19,SE,998,23,NA,2298696,NA,100,2
2020-05-06,19,BA,4301,160,NA,14873064,NA,261,14
2020-05-06,19,RO,943,33,NA,1777225,NA,82,4
2020-05-06,19,AC,943,33,NA,881935,NA,126,4
2020-05-06,19,AM,9243,751,NA,4144597,NA,1134,102
2020-05-06,19,RR,932,13,NA,605761,NA,63,2
2020-05-06,19,PA,5017,392,NA,8602865,NA,545,23
2020-05-06,19,AP,2046,56,NA,845731,NA,115,1
2020-05-06,19,TO,351,9,NA,1572866,NA,48,2
2020-05-06,19,MG,2605,97,NA,21168791,NA,153,3
2020-05-06,19,ES,3568,145,NA,4018650,NA,166,12
2020-05-06,19,RJ,13295,1205,NA,17264943,NA,904,82
2020-05-06,19,SP,37853,3045,NA,45919049,NA,3800,194
2020-05-06,19,PR,1627,101,NA,11433957,NA,39,2
2020-05-06,19,SC,2917,59,NA,7164788,NA,294,4
2020-05-06,19,RS,2050,87,NA,11377239,NA,235,8
2020-05-07,19,MS,311,10,NA,2778986,NA,23,0
2020-05-07,19,MT,417,13,NA,3484466,NA,38,0
2020-05-07,19,GO,1027,44,NA,7018354,NA,3,0
2020-05-07,19,DF,2258,35,NA,3015268,NA,352,1
2020-05-07,19,MA,5389,305,NA,7075181,NA,361,14
2020-05-07,19,PI,1051,35,NA,3273227,NA,102,5
2020-05-07,19,CE,13888,903,NA,9132078,NA,1584,55
2020-05-07,19,RN,1739,76,NA,3506853,NA,165,4
2020-05-07,19,PB,1657,101,NA,4018127,NA,164,9
2020-05-07,19,PE,10824,845,NA,9557071,NA,943,42
2020-05-07,19,AL,1867,98,NA,3337357,NA,164,9
2020-05-07,19,SE,1214,25,NA,2298696,NA,216,2
2020-05-07,19,BA,4528,165,NA,14873064,NA,227,5
2020-05-07,19,RO,1098,37,NA,1777225,NA,155,4
2020-05-07,19,AC,1014,36,NA,881935,NA,71,3
2020-05-07,19,AM,10099,806,NA,4144597,NA,856,55
2020-05-07,19,RR,1020,14,NA,605761,NA,88,1
2020-05-07,19,PA,5524,410,NA,8602865,NA,507,18
2020-05-07,19,AP,2199,61,NA,845731,NA,153,5
2020-05-07,19,TO,423,9,NA,1572866,NA,72,0
2020-05-07,19,MG,2770,106,NA,21168791,NA,165,9
2020-05-07,19,ES,3838,155,NA,4018650,NA,270,10
2020-05-07,19,RJ,14156,1394,NA,17264943,NA,861,189
2020-05-07,19,SP,39928,3206,NA,45919049,NA,2075,161
2020-05-07,19,PR,1656,104,NA,11433957,NA,29,3
2020-05-07,19,SC,3082,63,NA,7164788,NA,165,4
2020-05-07,19,RS,2129,90,NA,11377239,NA,79,3
2020-05-08,19,MS,326,11,NA,2778986,NA,15,1
2020-05-08,19,MT,457,14,NA,3484466,NA,40,1
2020-05-08,19,GO,1053,49,NA,7018354,NA,26,5
2020-05-08,19,DF,2442,37,NA,3015268,NA,184,2
2020-05-08,19,MA,5909,330,NA,7075181,NA,520,25
2020-05-08,19,PI,1131,37,NA,3273227,NA,80,2
2020-05-08,19,CE,14956,966,NA,9132078,NA,1068,63
2020-05-08,19,RN,1821,81,NA,3506853,NA,82,5
2020-05-08,19,PB,2031,114,NA,4018127,NA,374,13
2020-05-08,19,PE,11587,927,NA,9557071,NA,763,82
2020-05-08,19,AL,2033,108,NA,3337357,NA,166,10
2020-05-08,19,SE,1438,28,NA,2298696,NA,224,3
2020-05-08,19,BA,4818,183,NA,14873064,NA,290,18
2020-05-08,19,RO,1222,39,NA,1777225,NA,124,2
2020-05-08,19,AC,1177,38,NA,881935,NA,163,2
2020-05-08,19,AM,10727,874,NA,4144597,NA,628,68
2020-05-08,19,RR,1124,16,NA,605761,NA,104,2
2020-05-08,19,PA,6141,515,NA,8602865,NA,617,105
2020-05-08,19,AP,2322,66,NA,845731,NA,123,5
2020-05-08,19,TO,494,9,NA,1572866,NA,71,0
2020-05-08,19,MG,2943,111,NA,21168791,NA,173,5
2020-05-08,19,ES,4242,165,NA,4018650,NA,404,10
2020-05-08,19,RJ,15741,1503,NA,17264943,NA,1585,109
2020-05-08,19,SP,41830,3416,NA,45919049,NA,1902,210
2020-05-08,19,PR,1711,106,NA,11433957,NA,55,2
2020-05-08,19,SC,3205,63,NA,7164788,NA,123,0
2020-05-08,19,RS,2447,91,NA,11377239,NA,318,1
2020-05-09,19,MS,346,11,NA,2778986,NA,20,0
2020-05-09,19,MT,502,16,NA,3484466,NA,45,2
2020-05-09,19,GO,1069,47,NA,7018354,NA,16,-2
2020-05-09,19,DF,2576,39,NA,3015268,NA,134,2
2020-05-09,19,MA,6765,355,NA,7075181,NA,856,25
2020-05-09,19,PI,1233,38,NA,3273227,NA,102,1
2020-05-09,19,CE,15879,1062,NA,9132078,NA,923,96
2020-05-09,19,RN,1919,87,NA,3506853,NA,98,6
2020-05-09,19,PB,2156,124,NA,4018127,NA,125,10
2020-05-09,19,PE,12470,972,NA,9557071,NA,883,45
2020-05-09,19,AL,2172,114,NA,3337357,NA,139,6
2020-05-09,19,SE,1588,33,NA,2298696,NA,150,5
2020-05-09,19,BA,5174,196,NA,14873064,NA,356,13
2020-05-09,19,RO,1263,41,NA,1777225,NA,41,2
2020-05-09,19,AC,1335,39,NA,881935,NA,158,1
2020-05-09,19,AM,11925,962,NA,4144597,NA,1198,88
2020-05-09,19,RR,1202,18,NA,605761,NA,78,2
2020-05-09,19,PA,6775,578,NA,8602865,NA,634,63
2020-05-09,19,AP,2493,69,NA,845731,NA,171,3
2020-05-09,19,TO,572,9,NA,1572866,NA,78,0
2020-05-09,19,MG,3123,118,NA,21168791,NA,180,7
2020-05-09,19,ES,4412,172,NA,4018650,NA,170,7
2020-05-09,19,RJ,16929,1653,NA,17264943,NA,1188,150
2020-05-09,19,SP,44411,3608,NA,45919049,NA,2581,192
2020-05-09,19,PR,1785,107,NA,11433957,NA,74,1
2020-05-09,19,SC,3372,64,NA,7164788,NA,167,1
2020-05-09,19,RS,2493,95,NA,11377239,NA,46,4
2020-05-10,20,MS,362,11,NA,2778986,NA,16,0
2020-05-10,20,MT,519,18,NA,3484466,NA,17,2
2020-05-10,20,GO,1093,47,NA,7018354,NA,24,0
2020-05-10,20,DF,2682,42,NA,3015268,NA,106,3
2020-05-10,20,MA,7599,379,NA,7075181,NA,834,24
2020-05-10,20,PI,1278,42,NA,3273227,NA,45,4
2020-05-10,20,CE,16692,1114,NA,9132078,NA,813,52
2020-05-10,20,RN,1928,88,NA,3506853,NA,9,1
2020-05-10,20,PB,2341,135,NA,4018127,NA,185,11
2020-05-10,20,PE,13275,1047,NA,9557071,NA,805,75
2020-05-10,20,AL,2258,126,NA,3337357,NA,86,12
2020-05-10,20,SE,1771,34,NA,2298696,NA,183,1
2020-05-10,20,BA,5558,202,NA,14873064,NA,384,6
2020-05-10,20,RO,1302,43,NA,1777225,NA,39,2
2020-05-10,20,AC,1447,41,NA,881935,NA,112,2
2020-05-10,20,AM,12599,1004,NA,4144597,NA,674,42
2020-05-10,20,RR,1290,21,NA,605761,NA,88,3
2020-05-10,20,PA,7256,652,NA,8602865,NA,481,74
2020-05-10,20,AP,2613,72,NA,845731,NA,120,3
2020-05-10,20,TO,688,11,NA,1572866,NA,116,2
2020-05-10,20,MG,3237,119,NA,21168791,NA,114,1
2020-05-10,20,ES,4599,181,NA,4018650,NA,187,9
2020-05-10,20,RJ,17062,1714,NA,17264943,NA,133,61
2020-05-10,20,SP,45444,3709,NA,45919049,NA,1033,101
2020-05-10,20,PR,1835,109,NA,11433957,NA,50,2
2020-05-10,20,SC,3429,65,NA,7164788,NA,57,1
2020-05-10,20,RS,2542,97,NA,11377239,NA,49,2
2020-05-11,20,MS,385,11,NA,2778986,NA,23,0
2020-05-11,20,MT,541,19,NA,3484466,NA,22,1
2020-05-11,20,GO,1100,49,NA,7018354,NA,7,2
2020-05-11,20,DF,2783,44,NA,3015268,NA,101,2
2020-05-11,20,MA,8144,399,NA,7075181,NA,545,20
2020-05-11,20,PI,1332,45,NA,3273227,NA,54,3
2020-05-11,20,CE,17599,1189,NA,9132078,NA,907,75
2020-05-11,20,RN,1989,92,NA,3506853,NA,61,4
2020-05-11,20,PB,2525,139,NA,4018127,NA,184,4
2020-05-11,20,PE,13768,1087,NA,9557071,NA,493,40
2020-05-11,20,AL,2343,138,NA,3337357,NA,85,12
2020-05-11,20,SE,1800,37,NA,2298696,NA,29,3
2020-05-11,20,BA,5808,211,NA,14873064,NA,250,9
2020-05-11,20,RO,1396,47,NA,1777225,NA,94,4
2020-05-11,20,AC,1460,45,NA,881935,NA,13,4
2020-05-11,20,AM,12919,1035,NA,4144597,NA,320,31
2020-05-11,20,RR,1295,24,NA,605761,NA,5,3
2020-05-11,20,PA,7563,708,NA,8602865,NA,307,56
2020-05-11,20,AP,2671,73,NA,845731,NA,58,1
2020-05-11,20,TO,747,12,NA,1572866,NA,59,1
2020-05-11,20,MG,3320,121,NA,21168791,NA,83,2
2020-05-11,20,ES,4819,196,NA,4018650,NA,220,15
2020-05-11,20,RJ,17939,1770,NA,17264943,NA,877,56
2020-05-11,20,SP,46131,3743,NA,45919049,NA,687,34
2020-05-11,20,PR,1849,111,NA,11433957,NA,14,2
2020-05-11,20,SC,3529,69,NA,7164788,NA,100,4
2020-05-11,20,RS,2576,105,NA,11377239,NA,34,8
2020-05-12,20,MS,405,12,NA,2778986,NA,20,1
2020-05-12,20,MT,591,19,NA,3484466,NA,50,0
2020-05-12,20,GO,1115,52,NA,7018354,NA,15,3
2020-05-12,20,DF,2979,46,NA,3015268,NA,196,2
2020-05-12,20,MA,8526,423,NA,7075181,NA,382,24
2020-05-12,20,PI,1443,49,NA,3273227,NA,111,4
2020-05-12,20,CE,18412,1280,NA,9132078,NA,813,91
2020-05-12,20,RN,2033,93,NA,3506853,NA,44,1
2020-05-12,20,PB,2777,154,NA,4018127,NA,252,15
2020-05-12,20,PE,14309,1157,NA,9557071,NA,541,70
2020-05-12,20,AL,2580,150,NA,3337357,NA,237,12
2020-05-12,20,SE,2032,37,NA,2298696,NA,232,0
2020-05-12,20,BA,6204,225,NA,14873064,NA,396,14
2020-05-12,20,RO,1460,50,NA,1777225,NA,64,3
2020-05-12,20,AC,1590,51,NA,881935,NA,130,6
2020-05-12,20,AM,14168,1098,NA,4144597,NA,1249,63
2020-05-12,20,RR,1328,27,NA,605761,NA,33,3
2020-05-12,20,PA,8616,864,NA,8602865,NA,1053,156
2020-05-12,20,AP,2910,86,NA,845731,NA,239,13
2020-05-12,20,TO,828,14,NA,1572866,NA,81,2
2020-05-12,20,MG,3435,127,NA,21168791,NA,115,6
2020-05-12,20,ES,5087,212,NA,4018650,NA,268,16
2020-05-12,20,RJ,18486,1928,NA,17264943,NA,547,158
2020-05-12,20,SP,47719,3949,NA,45919049,NA,1588,206
2020-05-12,20,PR,1906,113,NA,11433957,NA,57,2
2020-05-12,20,SC,3733,73,NA,7164788,NA,204,4
2020-05-12,20,RS,2917,111,NA,11377239,NA,341,6
2020-05-13,20,MS,430,13,NA,2778986,NA,25,1
2020-05-13,20,MT,661,20,NA,3484466,NA,70,1
2020-05-13,20,GO,1134,61,NA,7018354,NA,19,9
2020-05-13,20,DF,3192,48,NA,3015268,NA,213,2
2020-05-13,20,MA,9112,444,NA,7075181,NA,586,21
2020-05-13,20,PI,1612,57,NA,3273227,NA,169,8
2020-05-13,20,CE,19156,1389,NA,9132078,NA,744,109
2020-05-13,20,RN,2367,105,NA,3506853,NA,334,12
2020-05-13,20,PB,3045,157,NA,4018127,NA,268,3
2020-05-13,20,PE,14901,1224,NA,9557071,NA,592,67
2020-05-13,20,AL,2761,164,NA,3337357,NA,181,14
2020-05-13,20,SE,2268,42,NA,2298696,NA,236,5
2020-05-13,20,BA,6547,236,NA,14873064,NA,343,11
2020-05-13,20,RO,1612,50,NA,1777225,NA,152,0
2020-05-13,20,AC,1694,52,NA,881935,NA,104,1
2020-05-13,20,AM,15816,1160,NA,4144597,NA,1648,62
2020-05-13,20,RR,1411,29,NA,605761,NA,83,2
2020-05-13,20,PA,9618,946,NA,8602865,NA,1002,82
2020-05-13,20,AP,3005,94,NA,845731,NA,95,8
2020-05-13,20,TO,932,21,NA,1572866,NA,104,7
2020-05-13,20,MG,3733,135,NA,21168791,NA,298,8
2020-05-13,20,ES,5401,233,NA,4018650,NA,314,21
2020-05-13,20,RJ,18728,2050,NA,17264943,NA,242,122
2020-05-13,20,SP,51097,4118,NA,45919049,NA,3378,169
2020-05-13,20,PR,1996,117,NA,11433957,NA,90,4
2020-05-13,20,SC,3828,73,NA,7164788,NA,95,0
2020-05-13,20,RS,2917,111,NA,11377239,NA,0,0
2020-05-14,20,MS,452,14,NA,2778986,NA,22,1
2020-05-14,20,MT,719,23,NA,3484466,NA,58,3
2020-05-14,20,GO,1423,64,NA,7018354,NA,289,3
2020-05-14,20,DF,3416,51,NA,3015268,NA,224,3
2020-05-14,20,MA,9801,470,NA,7075181,NA,689,26
2020-05-14,20,PI,1784,60,NA,3273227,NA,172,3
2020-05-14,20,CE,21077,1413,NA,9132078,NA,1921,24
2020-05-14,20,RN,2537,117,NA,3506853,NA,170,12
2020-05-14,20,PB,3361,160,NA,4018127,NA,316,3
2020-05-14,20,PE,15588,1298,NA,9557071,NA,687,74
2020-05-14,20,AL,2972,177,NA,3337357,NA,211,13
2020-05-14,20,SE,2494,47,NA,2298696,NA,226,5
2020-05-14,20,BA,6955,262,NA,14873064,NA,408,26
2020-05-14,20,RO,1686,56,NA,1777225,NA,74,6
2020-05-14,20,AC,1740,55,NA,881935,NA,46,3
2020-05-14,20,AM,17181,1235,NA,4144597,NA,1365,75
2020-05-14,20,RR,1500,37,NA,605761,NA,89,8
2020-05-14,20,PA,10867,1063,NA,8602865,NA,1249,117
2020-05-14,20,AP,3428,101,NA,845731,NA,423,7
2020-05-14,20,TO,1029,23,NA,1572866,NA,97,2
2020-05-14,20,MG,3950,139,NA,21168791,NA,217,4
2020-05-14,20,ES,5813,249,NA,4018650,NA,412,16
2020-05-14,20,RJ,19467,2247,NA,17264943,NA,739,197
2020-05-14,20,SP,54286,4315,NA,45919049,NA,3189,197
2020-05-14,20,PR,2063,119,NA,11433957,NA,67,2
2020-05-14,20,SC,4332,78,NA,7164788,NA,504,5
2020-05-14,20,RS,2997,120,NA,11377239,NA,80,9
2020-05-15,20,MS,479,14,NA,2778986,NA,27,0
2020-05-15,20,MT,779,26,NA,3484466,NA,60,3
2020-05-15,20,GO,1572,67,NA,7018354,NA,149,3
2020-05-15,20,DF,3787,55,NA,3015268,NA,371,4
2020-05-15,20,MA,10739,496,NA,7075181,NA,938,26
2020-05-15,20,PI,1905,60,NA,3273227,NA,121,0
2020-05-15,20,CE,22490,1476,NA,9132078,NA,1413,63
2020-05-15,20,RN,2786,122,NA,3506853,NA,249,5
2020-05-15,20,PB,3739,170,NA,4018127,NA,378,10
2020-05-15,20,PE,16209,1381,NA,9557071,NA,621,83
2020-05-15,20,AL,3212,187,NA,3337357,NA,240,10
2020-05-15,20,SE,2868,50,NA,2298696,NA,374,3
2020-05-15,20,BA,8128,281,NA,14873064,NA,1173,19
2020-05-15,20,RO,1789,62,NA,1777225,NA,103,6
2020-05-15,20,AC,1785,57,NA,881935,NA,45,2
2020-05-15,20,AM,18392,1331,NA,4144597,NA,1211,96
2020-05-15,20,RR,1589,40,NA,605761,NA,89,3
2020-05-15,20,PA,12109,1145,NA,8602865,NA,1242,82
2020-05-15,20,AP,3630,103,NA,845731,NA,202,2
2020-05-15,20,TO,1179,24,NA,1572866,NA,150,1
2020-05-15,20,MG,4196,146,NA,21168791,NA,246,7
2020-05-15,20,ES,6198,260,NA,4018650,NA,385,11
2020-05-15,20,RJ,19987,2438,NA,17264943,NA,520,191
2020-05-15,20,SP,58378,4501,NA,45919049,NA,4092,186
2020-05-15,20,PR,2139,120,NA,11433957,NA,76,1
2020-05-15,20,SC,4562,79,NA,7164788,NA,230,1
2020-05-15,20,RS,3597,126,NA,11377239,NA,600,6
2020-05-16,20,MS,508,15,NA,2778986,NA,29,1
2020-05-16,20,MT,851,27,NA,3484466,NA,72,1
2020-05-16,20,GO,1640,69,NA,7018354,NA,68,2
2020-05-16,20,DF,4140,56,NA,3015268,NA,353,1
2020-05-16,20,MA,11592,524,NA,7075181,NA,853,28
2020-05-16,20,PI,2085,65,NA,3273227,NA,180,5
2020-05-16,20,CE,23795,1614,NA,9132078,NA,1305,138
2020-05-16,20,RN,3004,136,NA,3506853,NA,218,14
2020-05-16,20,PB,4063,183,NA,4018127,NA,324,13
2020-05-16,20,PE,18488,1461,NA,9557071,NA,2279,80
2020-05-16,20,AL,3593,199,NA,3337357,NA,381,12
2020-05-16,20,SE,3135,53,NA,2298696,NA,267,3
2020-05-16,20,BA,8314,286,NA,14873064,NA,186,5
2020-05-16,20,RO,1919,69,NA,1777225,NA,130,7
2020-05-16,20,AC,1867,59,NA,881935,NA,82,2
2020-05-16,20,AM,19677,1375,NA,4144597,NA,1285,44
2020-05-16,20,RR,1706,49,NA,605761,NA,117,9
2020-05-16,20,PA,13184,1199,NA,8602865,NA,1075,54
2020-05-16,20,AP,3834,108,NA,845731,NA,204,5
2020-05-16,20,TO,1279,27,NA,1572866,NA,100,3
2020-05-16,20,MG,4474,150,NA,21168791,NA,278,4
2020-05-16,20,ES,6595,271,NA,4018650,NA,397,11
2020-05-16,20,RJ,21601,2614,NA,17264943,NA,1614,176
2020-05-16,20,SP,61183,4688,NA,45919049,NA,2805,187
2020-05-16,20,PR,2242,123,NA,11433957,NA,103,3
2020-05-16,20,SC,4678,81,NA,7164788,NA,116,2
2020-05-16,20,RS,3695,132,NA,11377239,NA,98,6
